NOMBRE,Suma de RESERVA,BENEFICIO
PERSONA 1243,"$102364,98",JUBILACIÓN
PERSONA 1052,"$79277,73",JUBILACIÓN
PERSONA 1243,"$31581,11",DESAHUCIO
PERSONA 1421,"$27814,23",JUBILACIÓN
PERSONA 1118,"$27269,50",JUBILACIÓN
PERSONA 1078,"$26047,91",JUBILACIÓN
PERSONA 1209,"$25624,33",JUBILACIÓN
PERSONA 1115,"$23853,34",JUBILACIÓN
PERSONA 1112,"$23811,50",JUBILACIÓN
PERSONA 1143,"$22653,62",JUBILACIÓN
PERSONA 1142,"$20679,30",JUBILACIÓN
PERSONA 1219,"$20332,01",JUBILACIÓN
PERSONA 1100,"$19933,68",JUBILACIÓN
PERSONA 1092,"$19832,90",JUBILACIÓN
PERSONA 1126,"$19252,12",JUBILACIÓN
PERSONA 1184,"$18711,54",JUBILACIÓN
PERSONA 1257,"$18520,47",JUBILACIÓN
PERSONA 1093,"$18416,18",JUBILACIÓN
PERSONA 1283,"$18213,85",JUBILACIÓN
PERSONA 1045,"$17863,94",JUBILACIÓN
PERSONA 1167,"$17371,17",JUBILACIÓN
PERSONA 1066,"$17063,76",JUBILACIÓN
PERSONA 1817,"$16944,96",DESAHUCIO
PERSONA 1161,"$16847,07",JUBILACIÓN
PERSONA 1260,"$16842,29",JUBILACIÓN
PERSONA 1192,"$16615,61",JUBILACIÓN
PERSONA 1040,"$16596,02",JUBILACIÓN
PERSONA 1046,"$16499,50",JUBILACIÓN
PERSONA 1301,"$16387,98",JUBILACIÓN
PERSONA 1249,"$16332,85",JUBILACIÓN
PERSONA 1172,"$16165,97",JUBILACIÓN
PERSONA 1133,"$16128,23",JUBILACIÓN
PERSONA 1155,"$16073,89",JUBILACIÓN
PERSONA 1175,"$15950,08",JUBILACIÓN
PERSONA 1088,"$15706,55",JUBILACIÓN
PERSONA 1289,"$15679,90",JUBILACIÓN
PERSONA 1135,"$15640,94",JUBILACIÓN
PERSONA 1160,"$15569,40",JUBILACIÓN
PERSONA 1125,"$15520,06",JUBILACIÓN
PERSONA 1287,"$15381,63",JUBILACIÓN
PERSONA 1199,"$15296,52",JUBILACIÓN
PERSONA 1059,"$15275,34",JUBILACIÓN
PERSONA 1233,"$15166,82",JUBILACIÓN
PERSONA 1156,"$15122,63",JUBILACIÓN
PERSONA 1063,"$15017,55",JUBILACIÓN
PERSONA 1153,"$14998,85",JUBILACIÓN
PERSONA 1181,"$14943,12",JUBILACIÓN
PERSONA 1090,"$14807,62",JUBILACIÓN
PERSONA 1303,"$14736,42",JUBILACIÓN
PERSONA 1299,"$14573,81",JUBILACIÓN
PERSONA 1149,"$14530,70",JUBILACIÓN
PERSONA 1302,"$14521,09",JUBILACIÓN
PERSONA 1131,"$14414,07",JUBILACIÓN
PERSONA 1086,"$14335,30",JUBILACIÓN
PERSONA 1226,"$14278,06",JUBILACIÓN
PERSONA 1169,"$14122,66",JUBILACIÓN
PERSONA 1082,"$14040,68",JUBILACIÓN
PERSONA 1073,"$13874,50",JUBILACIÓN
PERSONA 1145,"$13860,48",JUBILACIÓN
PERSONA 1072,"$13798,59",JUBILACIÓN
PERSONA 1097,"$13785,78",JUBILACIÓN
PERSONA 1307,"$13777,66",JUBILACIÓN
PERSONA 1237,"$13765,93",JUBILACIÓN
PERSONA 1138,"$13725,95",JUBILACIÓN
PERSONA 1211,"$13724,39",JUBILACIÓN
PERSONA 1136,"$13712,74",JUBILACIÓN
PERSONA 1048,"$13642,37",JUBILACIÓN
PERSONA 1065,"$13642,37",JUBILACIÓN
PERSONA 1305,"$13641,86",JUBILACIÓN
PERSONA 1102,"$13629,11",JUBILACIÓN
PERSONA 1174,"$13577,14",JUBILACIÓN
PERSONA 1147,"$13546,27",JUBILACIÓN
PERSONA 1081,"$13508,68",JUBILACIÓN
PERSONA 1272,"$13472,47",JUBILACIÓN
PERSONA 1261,"$13471,05",JUBILACIÓN
PERSONA 1056,"$13441,56",JUBILACIÓN
PERSONA 1120,"$13409,69",JUBILACIÓN
PERSONA 1244,"$13370,99",JUBILACIÓN
PERSONA 1076,"$13091,40",JUBILACIÓN
PERSONA 1290,"$13062,49",JUBILACIÓN
PERSONA 1179,"$13039,58",JUBILACIÓN
PERSONA 1109,"$13030,69",JUBILACIÓN
PERSONA 1062,"$12999,93",JUBILACIÓN
PERSONA 1077,"$12951,17",JUBILACIÓN
PERSONA 1266,"$12950,90",JUBILACIÓN
PERSONA 1292,"$12907,74",JUBILACIÓN
PERSONA 1258,"$12889,96",JUBILACIÓN
PERSONA 1214,"$12681,00",JUBILACIÓN
PERSONA 1231,"$12642,46",JUBILACIÓN
PERSONA 1200,"$12613,78",JUBILACIÓN
PERSONA 1041,"$12613,33",JUBILACIÓN
PERSONA 1236,"$12577,06",JUBILACIÓN
PERSONA 1043,"$12551,36",JUBILACIÓN
PERSONA 1185,"$12526,74",JUBILACIÓN
PERSONA 1139,"$12498,13",JUBILACIÓN
PERSONA 1280,"$12459,60",JUBILACIÓN
PERSONA 1061,"$12415,26",JUBILACIÓN
PERSONA 1235,"$12415,00",JUBILACIÓN
PERSONA 1262,"$12413,16",JUBILACIÓN
PERSONA 1177,"$12365,95",JUBILACIÓN
PERSONA 1286,"$12350,77",JUBILACIÓN
PERSONA 1105,"$12323,98",JUBILACIÓN
PERSONA 1222,"$12323,02",JUBILACIÓN
PERSONA 1111,"$12317,16",JUBILACIÓN
PERSONA 1239,"$12310,17",JUBILACIÓN
PERSONA 1189,"$12290,88",JUBILACIÓN
PERSONA 1245,"$12264,06",JUBILACIÓN
PERSONA 1206,"$12193,12",JUBILACIÓN
PERSONA 1054,"$12142,56",JUBILACIÓN
PERSONA 1817,"$12103,86",JUBILACIÓN
PERSONA 1269,"$12101,79",JUBILACIÓN
PERSONA 1151,"$12085,05",JUBILACIÓN
PERSONA 1193,"$11943,82",JUBILACIÓN
PERSONA 1176,"$11882,54",JUBILACIÓN
PERSONA 1288,"$11869,53",JUBILACIÓN
PERSONA 1265,"$11847,89",JUBILACIÓN
PERSONA 1173,"$11801,83",JUBILACIÓN
PERSONA 1168,"$11759,50",JUBILACIÓN
PERSONA 1180,"$11755,64",JUBILACIÓN
PERSONA 1087,"$11744,72",JUBILACIÓN
PERSONA 1075,"$11678,64",JUBILACIÓN
PERSONA 1273,"$11664,75",JUBILACIÓN
PERSONA 1277,"$11631,65",JUBILACIÓN
PERSONA 1267,"$11614,58",JUBILACIÓN
PERSONA 1216,"$11566,82",JUBILACIÓN
PERSONA 1042,"$11548,20",JUBILACIÓN
PERSONA 1298,"$11536,14",JUBILACIÓN
PERSONA 1276,"$11521,62",JUBILACIÓN
PERSONA 1158,"$11510,93",JUBILACIÓN
PERSONA 1122,"$11491,31",JUBILACIÓN
PERSONA 1197,"$11490,54",JUBILACIÓN
PERSONA 1038,"$11478,61",JUBILACIÓN
PERSONA 1091,"$11462,58",JUBILACIÓN
PERSONA 1128,"$11462,37",JUBILACIÓN
PERSONA 1208,"$11434,65",JUBILACIÓN
PERSONA 1229,"$11429,98",JUBILACIÓN
PERSONA 1108,"$11411,59",JUBILACIÓN
PERSONA 1110,"$11391,34",JUBILACIÓN
PERSONA 1285,"$11234,83",JUBILACIÓN
PERSONA 1296,"$11228,42",JUBILACIÓN
PERSONA 1294,"$11172,67",JUBILACIÓN
PERSONA 1207,"$11160,32",JUBILACIÓN
PERSONA 1205,"$11150,09",JUBILACIÓN
PERSONA 1141,"$11146,97",JUBILACIÓN
PERSONA 1304,"$11120,69",JUBILACIÓN
PERSONA 1202,"$11097,78",JUBILACIÓN
PERSONA 1218,"$11093,58",JUBILACIÓN
PERSONA 1309,"$11071,58",JUBILACIÓN
PERSONA 1234,"$10966,34",JUBILACIÓN
PERSONA 1263,"$10954,25",JUBILACIÓN
PERSONA 1132,"$10900,25",JUBILACIÓN
PERSONA 1195,"$10886,42",JUBILACIÓN
PERSONA 1198,"$10875,66",JUBILACIÓN
PERSONA 1248,"$10825,82",JUBILACIÓN
PERSONA 1068,"$10801,41",JUBILACIÓN
PERSONA 1306,"$10775,45",JUBILACIÓN
PERSONA 1127,"$10762,48",JUBILACIÓN
PERSONA 1165,"$10740,93",JUBILACIÓN
PERSONA 1215,"$10711,36",JUBILACIÓN
PERSONA 1164,"$10704,30",JUBILACIÓN
PERSONA 1154,"$10687,43",JUBILACIÓN
PERSONA 1241,"$10680,55",JUBILACIÓN
PERSONA 1227,"$10663,50",JUBILACIÓN
PERSONA 1295,"$10594,88",JUBILACIÓN
PERSONA 1116,"$10587,56",JUBILACIÓN
PERSONA 1291,"$10520,10",JUBILACIÓN
PERSONA 1259,"$10427,54",JUBILACIÓN
PERSONA 1212,"$10378,02",JUBILACIÓN
PERSONA 1163,"$10357,58",JUBILACIÓN
PERSONA 1152,"$10357,35",JUBILACIÓN
PERSONA 1182,"$10357,35",JUBILACIÓN
PERSONA 1162,"$10335,12",JUBILACIÓN
PERSONA 1217,"$10325,02",JUBILACIÓN
PERSONA 1284,"$10324,03",JUBILACIÓN
PERSONA 1252,"$10317,56",JUBILACIÓN
PERSONA 1250,"$10293,50",JUBILACIÓN
PERSONA 1117,"$10227,76",JUBILACIÓN
PERSONA 1268,"$10221,83",JUBILACIÓN
PERSONA 1150,"$10177,01",JUBILACIÓN
PERSONA 1514,"$10146,68",JUBILACIÓN
PERSONA 1232,"$10137,70",JUBILACIÓN
PERSONA 1275,"$10113,68",JUBILACIÓN
PERSONA 1060,"$10106,73",JUBILACIÓN
PERSONA 1050,"$10099,32",JUBILACIÓN
PERSONA 1084,"$10066,00",JUBILACIÓN
PERSONA 1223,"$10007,95",JUBILACIÓN
PERSONA 1225,"$9972,06",JUBILACIÓN
PERSONA 1099,"$9970,75",JUBILACIÓN
PERSONA 1224,"$9967,94",JUBILACIÓN
PERSONA 1297,"$9942,97",JUBILACIÓN
PERSONA 1228,"$9902,14",JUBILACIÓN
PERSONA 1570,"$9895,90",JUBILACIÓN
PERSONA 1055,"$9886,53",JUBILACIÓN
PERSONA 1242,"$9885,76",JUBILACIÓN
PERSONA 1238,"$9874,58",JUBILACIÓN
PERSONA 1188,"$9856,75",JUBILACIÓN
PERSONA 1039,"$9839,85",JUBILACIÓN
PERSONA 1442,"$9834,05",JUBILACIÓN
PERSONA 1064,"$9814,63",JUBILACIÓN
PERSONA 1194,"$9801,98",JUBILACIÓN
PERSONA 1204,"$9721,58",JUBILACIÓN
PERSONA 1129,"$9705,45",JUBILACIÓN
PERSONA 1251,"$9705,07",JUBILACIÓN
PERSONA 1281,"$9684,30",JUBILACIÓN
PERSONA 1058,"$9662,82",JUBILACIÓN
PERSONA 1203,"$9646,62",JUBILACIÓN
PERSONA 1196,"$9638,54",JUBILACIÓN
PERSONA 1256,"$9580,10",JUBILACIÓN
PERSONA 1264,"$9552,74",JUBILACIÓN
PERSONA 1051,"$9542,11",JUBILACIÓN
PERSONA 1300,"$9526,86",JUBILACIÓN
PERSONA 1271,"$9510,27",JUBILACIÓN
PERSONA 1191,"$9504,07",JUBILACIÓN
PERSONA 1210,"$9496,22",JUBILACIÓN
PERSONA 1049,"$9460,49",JUBILACIÓN
PERSONA 1246,"$9426,39",JUBILACIÓN
PERSONA 1113,"$9415,62",JUBILACIÓN
PERSONA 1274,"$9396,61",JUBILACIÓN
PERSONA 1240,"$9370,38",JUBILACIÓN
PERSONA 1221,"$9320,19",JUBILACIÓN
PERSONA 1524,"$9292,06",JUBILACIÓN
PERSONA 1253,"$9253,93",JUBILACIÓN
PERSONA 1254,"$9251,96",JUBILACIÓN
PERSONA 1123,"$9235,03",JUBILACIÓN
PERSONA 1282,"$9207,33",JUBILACIÓN
PERSONA 1119,"$9161,24",JUBILACIÓN
PERSONA 1421,"$9151,92",DESAHUCIO
PERSONA 1190,"$9107,17",JUBILACIÓN
PERSONA 1080,"$9085,05",JUBILACIÓN
PERSONA 1371,"$9059,95",JUBILACIÓN
PERSONA 1230,"$9042,98",JUBILACIÓN
PERSONA 1308,"$8988,81",JUBILACIÓN
PERSONA 1279,"$8986,08",JUBILACIÓN
PERSONA 1333,"$8970,54",JUBILACIÓN
PERSONA 1255,"$8966,91",JUBILACIÓN
PERSONA 1278,"$8893,14",JUBILACIÓN
PERSONA 1270,"$8882,62",JUBILACIÓN
PERSONA 1089,"$8733,31",JUBILACIÓN
PERSONA 1400,"$8702,14",JUBILACIÓN
PERSONA 1574,"$8642,29",JUBILACIÓN
PERSONA 1213,"$8627,41",JUBILACIÓN
PERSONA 1201,"$8617,63",JUBILACIÓN
PERSONA 1247,"$8563,76",JUBILACIÓN
PERSONA 1071,"$8547,53",JUBILACIÓN
PERSONA 1384,"$8547,49",JUBILACIÓN
PERSONA 1044,"$8524,36",JUBILACIÓN
PERSONA 1487,"$8461,50",JUBILACIÓN
PERSONA 1083,"$8393,13",JUBILACIÓN
PERSONA 1293,"$8341,07",JUBILACIÓN
PERSONA 1159,"$8316,74",JUBILACIÓN
PERSONA 1220,"$8314,82",JUBILACIÓN
PERSONA 1187,"$8305,62",JUBILACIÓN
PERSONA 1557,"$8121,28",JUBILACIÓN
PERSONA 1106,"$7987,36",JUBILACIÓN
PERSONA 1183,"$7957,28",JUBILACIÓN
PERSONA 1577,"$7953,70",JUBILACIÓN
PERSONA 1209,"$7938,07",DESAHUCIO
PERSONA 1576,"$7902,48",JUBILACIÓN
PERSONA 1171,"$7892,19",JUBILACIÓN
PERSONA 1067,"$7820,92",JUBILACIÓN
PERSONA 1515,"$7802,25",JUBILACIÓN
PERSONA 1114,"$7740,20",JUBILACIÓN
PERSONA 1398,"$7711,58",JUBILACIÓN
PERSONA 1324,"$7607,97",JUBILACIÓN
PERSONA 1390,"$7583,94",JUBILACIÓN
PERSONA 1476,"$7497,78",JUBILACIÓN
PERSONA 1532,"$7438,32",JUBILACIÓN
PERSONA 1394,"$7422,30",JUBILACIÓN
PERSONA 1317,"$7298,38",JUBILACIÓN
PERSONA 1458,"$7196,24",JUBILACIÓN
PERSONA 1402,"$7116,13",JUBILACIÓN
PERSONA 1469,"$7033,53",JUBILACIÓN
PERSONA 1494,"$6960,01",JUBILACIÓN
PERSONA 1342,"$6682,55",JUBILACIÓN
PERSONA 1404,"$6240,66",JUBILACIÓN
PERSONA 1432,"$6099,12",JUBILACIÓN
PERSONA 1452,"$5937,86",JUBILACIÓN
PERSONA 1124,"$5720,46",JUBILACIÓN
PERSONA 1409,"$5504,27",JUBILACIÓN
PERSONA 1516,"$5463,97",JUBILACIÓN
PERSONA 1144,"$5422,17",JUBILACIÓN
PERSONA 1431,"$5265,32",JUBILACIÓN
PERSONA 1219,"$5118,18",DESAHUCIO
PERSONA 1342,"$4939,30",DESAHUCIO
PERSONA 1170,"$4889,96",JUBILACIÓN
PERSONA 1186,"$4889,96",JUBILACIÓN
PERSONA 1140,"$4842,26",JUBILACIÓN
PERSONA 1283,"$4801,12",DESAHUCIO
PERSONA 1257,"$4778,21",DESAHUCIO
PERSONA 1053,"$4752,58",JUBILACIÓN
PERSONA 1074,"$4622,94",JUBILACIÓN
PERSONA 1130,"$4622,94",JUBILACIÓN
PERSONA 1096,"$4583,02",JUBILACIÓN
PERSONA 1148,"$4583,02",JUBILACIÓN
PERSONA 1057,"$4408,95",JUBILACIÓN
PERSONA 1047,"$4347,27",JUBILACIÓN
PERSONA 1249,"$4312,82",DESAHUCIO
PERSONA 1301,"$4248,88",DESAHUCIO
PERSONA 1101,"$4236,10",JUBILACIÓN
PERSONA 1192,"$4233,62",DESAHUCIO
PERSONA 1121,"$4206,98",JUBILACIÓN
PERSONA 1146,"$4206,98",JUBILACIÓN
PERSONA 1302,"$4204,87",DESAHUCIO
PERSONA 1098,"$4133,18",JUBILACIÓN
PERSONA 1260,"$4083,10",DESAHUCIO
PERSONA 1095,"$4065,50",JUBILACIÓN
PERSONA 1166,"$4065,50",JUBILACIÓN
PERSONA 1103,"$4044,65",JUBILACIÓN
PERSONA 1137,"$4021,37",JUBILACIÓN
PERSONA 1287,"$3904,64",DESAHUCIO
PERSONA 1199,"$3830,17",DESAHUCIO
PERSONA 1289,"$3745,45",DESAHUCIO
PERSONA 1211,"$3723,70",DESAHUCIO
PERSONA 1208,"$3698,99",DESAHUCIO
PERSONA 1258,"$3682,96",DESAHUCIO
PERSONA 1286,"$3665,91",DESAHUCIO
PERSONA 1237,"$3600,26",DESAHUCIO
PERSONA 1085,"$3591,32",JUBILACIÓN
PERSONA 1193,"$3571,11",DESAHUCIO
PERSONA 1261,"$3527,40",DESAHUCIO
PERSONA 1231,"$3506,90",DESAHUCIO
PERSONA 1299,"$3495,39",DESAHUCIO
PERSONA 1107,"$3495,36",JUBILACIÓN
PERSONA 1290,"$3482,97",DESAHUCIO
PERSONA 1266,"$3469,22",DESAHUCIO
PERSONA 1202,"$3459,31",DESAHUCIO
PERSONA 1233,"$3453,18",DESAHUCIO
PERSONA 1040,"$3385,42",DESAHUCIO
PERSONA 1178,"$3353,74",JUBILACIÓN
PERSONA 1145,"$3346,77",DESAHUCIO
PERSONA 1069,"$3316,06",JUBILACIÓN
PERSONA 1157,"$3316,06",JUBILACIÓN
PERSONA 1235,"$3298,49",DESAHUCIO
PERSONA 1200,"$3265,78",DESAHUCIO
PERSONA 1292,"$3256,62",DESAHUCIO
PERSONA 1307,"$3246,93",DESAHUCIO
PERSONA 1269,"$3224,65",DESAHUCIO
PERSONA 1094,"$3213,30",JUBILACIÓN
PERSONA 1305,"$3142,42",DESAHUCIO
PERSONA 1259,"$3097,89",DESAHUCIO
PERSONA 1267,"$3097,29",DESAHUCIO
PERSONA 1284,"$3092,02",DESAHUCIO
PERSONA 1272,"$3087,63",DESAHUCIO
PERSONA 1303,"$3087,10",DESAHUCIO
PERSONA 1296,"$3077,52",DESAHUCIO
PERSONA 1239,"$3071,70",DESAHUCIO
PERSONA 1236,"$3044,81",DESAHUCIO
PERSONA 1298,"$3001,79",DESAHUCIO
PERSONA 1288,"$2990,22",DESAHUCIO
PERSONA 1205,"$2982,02",DESAHUCIO
PERSONA 1197,"$2958,37",DESAHUCIO
PERSONA 1196,"$2946,07",DESAHUCIO
PERSONA 1158,"$2911,62",DESAHUCIO
PERSONA 1222,"$2891,93",DESAHUCIO
PERSONA 1216,"$2865,17",DESAHUCIO
PERSONA 1285,"$2856,47",DESAHUCIO
PERSONA 1189,"$2851,30",DESAHUCIO
PERSONA 1232,"$2832,68",DESAHUCIO
PERSONA 1263,"$2805,18",DESAHUCIO
PERSONA 1079,"$2803,10",JUBILACIÓN
PERSONA 1281,"$2799,70",DESAHUCIO
PERSONA 1280,"$2790,73",DESAHUCIO
PERSONA 1227,"$2783,02",DESAHUCIO
PERSONA 1524,"$2778,23",DESAHUCIO
PERSONA 1514,"$2768,62",DESAHUCIO
PERSONA 1395,"$2740,22",JUBILACIÓN
PERSONA 1262,"$2725,98",DESAHUCIO
PERSONA 1268,"$2725,01",DESAHUCIO
PERSONA 1274,"$2725,01",DESAHUCIO
PERSONA 1226,"$2723,58",DESAHUCIO
PERSONA 1070,"$2716,01",JUBILACIÓN
PERSONA 1245,"$2708,75",DESAHUCIO
PERSONA 1577,"$2678,94",DESAHUCIO
PERSONA 1134,"$2671,32",JUBILACIÓN
PERSONA 1244,"$2660,20",DESAHUCIO
PERSONA 1442,"$2638,36",DESAHUCIO
PERSONA 1309,"$2631,98",DESAHUCIO
PERSONA 1251,"$2621,26",DESAHUCIO
PERSONA 1570,"$2604,91",DESAHUCIO
PERSONA 1273,"$2603,18",DESAHUCIO
PERSONA 1230,"$2597,28",DESAHUCIO
PERSONA 1198,"$2575,72",DESAHUCIO
PERSONA 1195,"$2535,78",DESAHUCIO
PERSONA 1042,"$2526,14",DESAHUCIO
PERSONA 1038,"$2518,49",DESAHUCIO
PERSONA 1203,"$2515,90",DESAHUCIO
PERSONA 1191,"$2513,01",DESAHUCIO
PERSONA 1247,"$2500,90",DESAHUCIO
PERSONA 1041,"$2489,24",DESAHUCIO
PERSONA 1254,"$2482,07",DESAHUCIO
PERSONA 1282,"$2472,74",DESAHUCIO
PERSONA 1265,"$2457,69",DESAHUCIO
PERSONA 1253,"$2433,70",DESAHUCIO
PERSONA 1291,"$2433,57",DESAHUCIO
PERSONA 1555,"$2426,03",JUBILACIÓN
PERSONA 1043,"$2405,94",DESAHUCIO
PERSONA 1304,"$2394,92",DESAHUCIO
PERSONA 1389,"$2388,99",JUBILACIÓN
PERSONA 1325,"$2382,81",JUBILACIÓN
PERSONA 1413,"$2382,22",JUBILACIÓN
PERSONA 1572,"$2376,98",JUBILACIÓN
PERSONA 1206,"$2375,13",DESAHUCIO
PERSONA 1405,"$2362,78",JUBILACIÓN
PERSONA 1255,"$2357,28",DESAHUCIO
PERSONA 1214,"$2354,03",DESAHUCIO
PERSONA 1306,"$2339,96",DESAHUCIO
PERSONA 1322,"$2335,22",JUBILACIÓN
PERSONA 1370,"$2334,27",JUBILACIÓN
PERSONA 1295,"$2333,47",DESAHUCIO
PERSONA 1204,"$2331,74",DESAHUCIO
PERSONA 1294,"$2330,02",DESAHUCIO
PERSONA 1190,"$2328,30",DESAHUCIO
PERSONA 1039,"$2326,57",DESAHUCIO
PERSONA 1207,"$2326,57",DESAHUCIO
PERSONA 1210,"$2326,57",DESAHUCIO
PERSONA 1212,"$2326,57",DESAHUCIO
PERSONA 1218,"$2326,57",DESAHUCIO
PERSONA 1221,"$2326,57",DESAHUCIO
PERSONA 1223,"$2326,57",DESAHUCIO
PERSONA 1228,"$2326,57",DESAHUCIO
PERSONA 1229,"$2326,57",DESAHUCIO
PERSONA 1234,"$2326,57",DESAHUCIO
PERSONA 1248,"$2326,57",DESAHUCIO
PERSONA 1252,"$2326,57",DESAHUCIO
PERSONA 1276,"$2326,57",DESAHUCIO
PERSONA 1277,"$2326,57",DESAHUCIO
PERSONA 1300,"$2326,57",DESAHUCIO
PERSONA 1194,"$2317,94",DESAHUCIO
PERSONA 1241,"$2317,94",DESAHUCIO
PERSONA 1264,"$2317,94",DESAHUCIO
PERSONA 1240,"$2305,87",DESAHUCIO
PERSONA 1546,"$2304,17",JUBILACIÓN
PERSONA 1238,"$2302,42",DESAHUCIO
PERSONA 1333,"$2299,10",DESAHUCIO
PERSONA 1224,"$2297,25",DESAHUCIO
PERSONA 1402,"$2289,40",DESAHUCIO
PERSONA 1319,"$2287,71",JUBILACIÓN
PERSONA 1492,"$2282,43",JUBILACIÓN
PERSONA 1270,"$2273,80",DESAHUCIO
PERSONA 1489,"$2265,12",JUBILACIÓN
PERSONA 1534,"$2265,12",JUBILACIÓN
PERSONA 1332,"$2249,09",JUBILACIÓN
PERSONA 1382,"$2247,57",JUBILACIÓN
PERSONA 1450,"$2228,00",JUBILACIÓN
PERSONA 1451,"$2228,00",JUBILACIÓN
PERSONA 1308,"$2219,53",DESAHUCIO
PERSONA 1271,"$2212,90",DESAHUCIO
PERSONA 1447,"$2202,86",JUBILACIÓN
PERSONA 1412,"$2201,76",JUBILACIÓN
PERSONA 1437,"$2191,35",JUBILACIÓN
PERSONA 1347,"$2185,56",JUBILACIÓN
PERSONA 1246,"$2183,74",DESAHUCIO
PERSONA 1201,"$2178,30",DESAHUCIO
PERSONA 1472,"$2177,53",JUBILACIÓN
PERSONA 1399,"$2151,92",JUBILACIÓN
PERSONA 1371,"$2142,02",DESAHUCIO
PERSONA 1217,"$2138,78",DESAHUCIO
PERSONA 1250,"$2136,91",DESAHUCIO
PERSONA 1380,"$2134,41",JUBILACIÓN
PERSONA 1550,"$2129,17",JUBILACIÓN
PERSONA 1417,"$2126,86",JUBILACIÓN
PERSONA 1215,"$2126,38",DESAHUCIO
PERSONA 1188,"$2121,65",DESAHUCIO
PERSONA 1275,"$2115,05",DESAHUCIO
PERSONA 1361,"$2104,80",JUBILACIÓN
PERSONA 1497,"$2104,80",JUBILACIÓN
PERSONA 1278,"$2075,98",DESAHUCIO
PERSONA 1220,"$2050,95",DESAHUCIO
PERSONA 1242,"$2040,28",DESAHUCIO
PERSONA 1256,"$2038,54",DESAHUCIO
PERSONA 1225,"$2033,78",DESAHUCIO
PERSONA 1297,"$2029,36",DESAHUCIO
PERSONA 1279,"$2024,26",DESAHUCIO
PERSONA 1213,"$2022,86",DESAHUCIO
PERSONA 1487,"$2014,65",DESAHUCIO
PERSONA 1293,"$2014,62",DESAHUCIO
PERSONA 1187,"$1985,21",DESAHUCIO
PERSONA 1547,"$1978,37",JUBILACIÓN
PERSONA 1532,"$1963,21",DESAHUCIO
PERSONA 1329,"$1958,82",JUBILACIÓN
PERSONA 1393,"$1957,11",JUBILACIÓN
PERSONA 1312,"$1948,98",JUBILACIÓN
PERSONA 1324,"$1935,72",DESAHUCIO
PERSONA 1310,"$1918,40",JUBILACIÓN
PERSONA 1557,"$1904,36",DESAHUCIO
PERSONA 1394,"$1884,08",DESAHUCIO
PERSONA 1348,"$1882,79",JUBILACIÓN
PERSONA 1339,"$1854,82",JUBILACIÓN
PERSONA 1398,"$1836,94",DESAHUCIO
PERSONA 1469,"$1836,02",DESAHUCIO
PERSONA 1327,"$1834,19",JUBILACIÓN
PERSONA 1384,"$1833,26",DESAHUCIO
PERSONA 1400,"$1828,42",DESAHUCIO
PERSONA 1515,"$1826,98",DESAHUCIO
PERSONA 1353,"$1825,72",JUBILACIÓN
PERSONA 1470,"$1825,72",JUBILACIÓN
PERSONA 1315,"$1821,41",JUBILACIÓN
PERSONA 1428,"$1821,41",JUBILACIÓN
PERSONA 1499,"$1821,07",JUBILACIÓN
PERSONA 1340,"$1820,79",JUBILACIÓN
PERSONA 1476,"$1817,31",DESAHUCIO
PERSONA 1317,"$1816,40",DESAHUCIO
PERSONA 1576,"$1815,96",DESAHUCIO
PERSONA 1574,"$1815,89",DESAHUCIO
PERSONA 1458,"$1815,74",DESAHUCIO
PERSONA 1495,"$1813,92",JUBILACIÓN
PERSONA 1462,"$1812,54",JUBILACIÓN
PERSONA 1390,"$1811,36",DESAHUCIO
PERSONA 1542,"$1803,99",JUBILACIÓN
PERSONA 1375,"$1799,14",JUBILACIÓN
PERSONA 1500,"$1799,14",JUBILACIÓN
PERSONA 1330,"$1794,45",JUBILACIÓN
PERSONA 1335,"$1792,86",JUBILACIÓN
PERSONA 1536,"$1792,86",JUBILACIÓN
PERSONA 1397,"$1783,39",JUBILACIÓN
PERSONA 1331,"$1781,38",JUBILACIÓN
PERSONA 1435,"$1781,38",JUBILACIÓN
PERSONA 1355,"$1781,06",JUBILACIÓN
PERSONA 1486,"$1776,26",JUBILACIÓN
PERSONA 1366,"$1769,84",JUBILACIÓN
PERSONA 1388,"$1769,84",JUBILACIÓN
PERSONA 1544,"$1769,84",JUBILACIÓN
PERSONA 1539,"$1767,40",JUBILACIÓN
PERSONA 1420,"$1767,39",JUBILACIÓN
PERSONA 1376,"$1762,26",JUBILACIÓN
PERSONA 1554,"$1762,26",JUBILACIÓN
PERSONA 1431,"$1761,06",DESAHUCIO
PERSONA 1527,"$1760,79",JUBILACIÓN
PERSONA 1338,"$1759,10",JUBILACIÓN
PERSONA 1383,"$1759,10",JUBILACIÓN
PERSONA 1423,"$1759,10",JUBILACIÓN
PERSONA 1531,"$1759,10",JUBILACIÓN
PERSONA 1537,"$1759,10",JUBILACIÓN
PERSONA 1344,"$1754,64",JUBILACIÓN
PERSONA 1468,"$1749,14",JUBILACIÓN
PERSONA 1502,"$1749,14",JUBILACIÓN
PERSONA 1567,"$1749,14",JUBILACIÓN
PERSONA 1433,"$1746,91",JUBILACIÓN
PERSONA 1496,"$1744,42",JUBILACIÓN
PERSONA 1336,"$1739,52",JUBILACIÓN
PERSONA 1475,"$1739,52",JUBILACIÓN
PERSONA 1510,"$1739,52",JUBILACIÓN
PERSONA 1351,"$1734,83",JUBILACIÓN
PERSONA 1556,"$1731,01",JUBILACIÓN
PERSONA 1559,"$1730,54",JUBILACIÓN
PERSONA 1484,"$1730,16",JUBILACIÓN
PERSONA 1379,"$1726,15",JUBILACIÓN
PERSONA 1363,"$1724,12",JUBILACIÓN
PERSONA 1508,"$1711,56",JUBILACIÓN
PERSONA 1483,"$1707,71",JUBILACIÓN
PERSONA 1485,"$1707,71",JUBILACIÓN
PERSONA 1372,"$1698,62",JUBILACIÓN
PERSONA 1387,"$1698,62",JUBILACIÓN
PERSONA 1518,"$1698,62",JUBILACIÓN
PERSONA 1445,"$1694,25",JUBILACIÓN
PERSONA 1478,"$1694,25",JUBILACIÓN
PERSONA 1573,"$1694,25",JUBILACIÓN
PERSONA 1385,"$1689,69",JUBILACIÓN
PERSONA 1341,"$1685,95",JUBILACIÓN
PERSONA 1454,"$1685,53",JUBILACIÓN
PERSONA 1466,"$1685,53",JUBILACIÓN
PERSONA 1446,"$1684,38",JUBILACIÓN
PERSONA 1528,"$1684,38",JUBILACIÓN
PERSONA 1443,"$1682,33",JUBILACIÓN
PERSONA 1392,"$1677,29",JUBILACIÓN
PERSONA 1513,"$1677,29",JUBILACIÓN
PERSONA 1316,"$1669,15",JUBILACIÓN
PERSONA 1415,"$1669,15",JUBILACIÓN
PERSONA 1396,"$1669,04",JUBILACIÓN
PERSONA 1553,"$1663,14",JUBILACIÓN
PERSONA 1543,"$1663,10",JUBILACIÓN
PERSONA 1491,"$1661,82",JUBILACIÓN
PERSONA 1427,"$1661,80",JUBILACIÓN
PERSONA 1438,"$1651,42",JUBILACIÓN
PERSONA 1545,"$1645,42",JUBILACIÓN
PERSONA 1404,"$1644,22",DESAHUCIO
PERSONA 1523,"$1643,98",JUBILACIÓN
PERSONA 1467,"$1635,75",JUBILACIÓN
PERSONA 1522,"$1607,50",JUBILACIÓN
PERSONA 1452,"$1596,32",DESAHUCIO
PERSONA 1461,"$1594,58",JUBILACIÓN
PERSONA 1494,"$1581,52",DESAHUCIO
PERSONA 1432,"$1579,80",DESAHUCIO
PERSONA 1530,"$1568,14",JUBILACIÓN
PERSONA 1516,"$1563,38",DESAHUCIO
PERSONA 1356,"$1555,40",JUBILACIÓN
PERSONA 1430,"$1552,54",JUBILACIÓN
PERSONA 1521,"$1548,96",JUBILACIÓN
PERSONA 1414,"$1547,10",JUBILACIÓN
PERSONA 1323,"$1515,45",JUBILACIÓN
PERSONA 1368,"$1504,65",JUBILACIÓN
PERSONA 1416,"$1504,65",JUBILACIÓN
PERSONA 1473,"$1504,65",JUBILACIÓN
PERSONA 1322,"$1503,82",DESAHUCIO
PERSONA 1313,"$1496,06",JUBILACIÓN
PERSONA 1488,"$1478,71",JUBILACIÓN
PERSONA 1386,"$1460,56",JUBILACIÓN
PERSONA 1409,"$1455,57",DESAHUCIO
PERSONA 1464,"$1450,33",JUBILACIÓN
PERSONA 1507,"$1447,18",JUBILACIÓN
PERSONA 1540,"$1445,78",JUBILACIÓN
PERSONA 1459,"$1432,80",JUBILACIÓN
PERSONA 1410,"$1424,05",JUBILACIÓN
PERSONA 1441,"$1424,05",JUBILACIÓN
PERSONA 1529,"$1424,05",JUBILACIÓN
PERSONA 1565,"$1418,54",JUBILACIÓN
PERSONA 1408,"$1413,62",JUBILACIÓN
PERSONA 1562,"$1413,56",JUBILACIÓN
PERSONA 1358,"$1406,00",JUBILACIÓN
PERSONA 1503,"$1395,78",JUBILACIÓN
PERSONA 1541,"$1395,38",JUBILACIÓN
PERSONA 1568,"$1388,42",JUBILACIÓN
PERSONA 1422,"$1387,76",JUBILACIÓN
PERSONA 1311,"$1385,00",JUBILACIÓN
PERSONA 1453,"$1382,82",JUBILACIÓN
PERSONA 1329,"$1377,90",DESAHUCIO
PERSONA 1343,"$1377,90",DESAHUCIO
PERSONA 1368,"$1377,90",DESAHUCIO
PERSONA 1410,"$1377,90",DESAHUCIO
PERSONA 1416,"$1377,90",DESAHUCIO
PERSONA 1441,"$1377,90",DESAHUCIO
PERSONA 1446,"$1377,90",DESAHUCIO
PERSONA 1467,"$1377,90",DESAHUCIO
PERSONA 1473,"$1377,90",DESAHUCIO
PERSONA 1490,"$1377,90",DESAHUCIO
PERSONA 1528,"$1377,90",DESAHUCIO
PERSONA 1529,"$1377,90",DESAHUCIO
PERSONA 1551,"$1377,90",DESAHUCIO
PERSONA 1463,"$1376,26",JUBILACIÓN
PERSONA 1377,"$1375,70",JUBILACIÓN
PERSONA 1359,"$1375,67",JUBILACIÓN
PERSONA 1530,"$1374,46",DESAHUCIO
PERSONA 1560,"$1372,78",JUBILACIÓN
PERSONA 1406,"$1371,16",JUBILACIÓN
PERSONA 1427,"$1369,28",DESAHUCIO
PERSONA 1549,"$1368,50",JUBILACIÓN
PERSONA 1575,"$1368,15",JUBILACIÓN
PERSONA 1364,"$1364,22",JUBILACIÓN
PERSONA 1579,"$1358,56",JUBILACIÓN
PERSONA 1352,"$1355,20",JUBILACIÓN
PERSONA 1471,"$1342,26",JUBILACIÓN
PERSONA 1482,"$1341,04",JUBILACIÓN
PERSONA 1314,"$1338,80",JUBILACIÓN
PERSONA 1434,"$1337,33",JUBILACIÓN
PERSONA 1551,"$1335,65",JUBILACIÓN
PERSONA 1474,"$1333,71",JUBILACIÓN
PERSONA 1552,"$1318,66",JUBILACIÓN
PERSONA 1498,"$1315,81",DESAHUCIO
PERSONA 1477,"$1312,22",JUBILACIÓN
PERSONA 1373,"$1310,59",JUBILACIÓN
PERSONA 1408,"$1308,91",DESAHUCIO
PERSONA 1460,"$1305,00",JUBILACIÓN
PERSONA 1328,"$1303,22",JUBILACIÓN
PERSONA 1321,"$1294,81",JUBILACIÓN
PERSONA 1328,"$1293,39",DESAHUCIO
PERSONA 1352,"$1293,39",DESAHUCIO
PERSONA 1480,"$1292,86",JUBILACIÓN
PERSONA 1498,"$1290,99",JUBILACIÓN
PERSONA 1407,"$1288,22",DESAHUCIO
PERSONA 1424,"$1265,79",DESAHUCIO
PERSONA 1378,"$1262,66",JUBILACIÓN
PERSONA 1438,"$1258,89",DESAHUCIO
PERSONA 1424,"$1246,29",JUBILACIÓN
PERSONA 1320,"$1238,89",JUBILACIÓN
PERSONA 1407,"$1230,34",JUBILACIÓN
PERSONA 1569,"$1226,12",DESAHUCIO
PERSONA 1444,"$1191,78",JUBILACIÓN
PERSONA 1326,"$1187,49",JUBILACIÓN
PERSONA 1481,"$1186,02",JUBILACIÓN
PERSONA 1578,"$1172,44",JUBILACIÓN
PERSONA 1479,"$1149,37",JUBILACIÓN
PERSONA 1526,"$1131,42",JUBILACIÓN
PERSONA 1439,"$1123,54",JUBILACIÓN
PERSONA 1346,"$1111,93",JUBILACIÓN
PERSONA 1505,"$1103,01",JUBILACIÓN
PERSONA 1561,"$1090,07",JUBILACIÓN
PERSONA 1318,"$1078,84",JUBILACIÓN
PERSONA 1512,"$1077,35",JUBILACIÓN
PERSONA 1566,"$1077,35",JUBILACIÓN
PERSONA 1362,"$1071,84",JUBILACIÓN
PERSONA 1519,"$1066,82",JUBILACIÓN
PERSONA 1465,"$1054,18",JUBILACIÓN
PERSONA 1569,"$1049,32",JUBILACIÓN
PERSONA 1395,"$1047,50",DESAHUCIO
PERSONA 1418,"$1044,92",JUBILACIÓN
PERSONA 1425,"$1016,54",JUBILACIÓN
PERSONA 1509,"$1014,75",JUBILACIÓN
PERSONA 1493,"$998,47",JUBILACIÓN
PERSONA 1334,"$989,88",JUBILACIÓN
PERSONA 1374,"$968,50",JUBILACIÓN
PERSONA 1558,"$962,00",JUBILACIÓN
PERSONA 1369,"$952,18",JUBILACIÓN
PERSONA 1564,"$951,09",JUBILACIÓN
PERSONA 1411,"$950,34",JUBILACIÓN
PERSONA 1525,"$949,13",JUBILACIÓN
PERSONA 1535,"$948,10",JUBILACIÓN
PERSONA 1490,"$943,97",JUBILACIÓN
PERSONA 1457,"$942,30",JUBILACIÓN
PERSONA 1456,"$932,73",JUBILACIÓN
PERSONA 1548,"$932,04",JUBILACIÓN
PERSONA 1520,"$931,94",JUBILACIÓN
PERSONA 1345,"$910,05",JUBILACIÓN
PERSONA 1448,"$908,71",JUBILACIÓN
PERSONA 1504,"$894,74",JUBILACIÓN
PERSONA 1401,"$894,34",JUBILACIÓN
PERSONA 1546,"$892,18",DESAHUCIO
PERSONA 1319,"$891,83",DESAHUCIO
PERSONA 1419,"$891,57",JUBILACIÓN
PERSONA 1413,"$870,77",DESAHUCIO
PERSONA 1896,"$869,83",DESAHUCIO
PERSONA 1389,"$864,42",DESAHUCIO
PERSONA 1325,"$863,42",DESAHUCIO
PERSONA 1563,"$863,28",JUBILACIÓN
PERSONA 1405,"$862,35",DESAHUCIO
PERSONA 1492,"$858,68",DESAHUCIO
PERSONA 1489,"$858,24",DESAHUCIO
PERSONA 1534,"$858,24",DESAHUCIO
PERSONA 1332,"$857,86",DESAHUCIO
PERSONA 1555,"$857,05",DESAHUCIO
PERSONA 1437,"$856,71",DESAHUCIO
PERSONA 1450,"$856,54",DESAHUCIO
PERSONA 1451,"$856,54",DESAHUCIO
PERSONA 1472,"$856,49",DESAHUCIO
PERSONA 1370,"$856,25",DESAHUCIO
PERSONA 1417,"$855,80",DESAHUCIO
PERSONA 1382,"$855,29",DESAHUCIO
PERSONA 1403,"$854,96",JUBILACIÓN
PERSONA 1380,"$853,17",DESAHUCIO
PERSONA 1312,"$852,85",DESAHUCIO
PERSONA 1447,"$849,99",DESAHUCIO
PERSONA 1533,"$849,50",DESAHUCIO
PERSONA 1429,"$848,58",JUBILACIÓN
PERSONA 1572,"$845,64",DESAHUCIO
PERSONA 1367,"$841,18",JUBILACIÓN
PERSONA 1354,"$833,00",JUBILACIÓN
PERSONA 1533,"$829,96",JUBILACIÓN
PERSONA 1461,"$820,78",DESAHUCIO
PERSONA 1381,"$818,13",JUBILACIÓN
PERSONA 1337,"$782,23",JUBILACIÓN
PERSONA 1339,"$777,31",DESAHUCIO
PERSONA 1527,"$776,30",DESAHUCIO
PERSONA 1556,"$775,69",DESAHUCIO
PERSONA 1365,"$766,91",JUBILACIÓN
PERSONA 1363,"$763,46",DESAHUCIO
PERSONA 1506,"$761,11",JUBILACIÓN
PERSONA 1433,"$759,22",DESAHUCIO
PERSONA 1391,"$759,11",JUBILACIÓN
PERSONA 1331,"$759,06",DESAHUCIO
PERSONA 1435,"$759,06",DESAHUCIO
PERSONA 1436,"$757,08",JUBILACIÓN
PERSONA 1412,"$756,78",DESAHUCIO
PERSONA 1462,"$755,61",DESAHUCIO
PERSONA 1376,"$755,26",DESAHUCIO
PERSONA 1554,"$755,26",DESAHUCIO
PERSONA 1315,"$754,15",DESAHUCIO
PERSONA 1428,"$754,15",DESAHUCIO
PERSONA 1353,"$752,91",DESAHUCIO
PERSONA 1470,"$752,91",DESAHUCIO
PERSONA 1396,"$751,99",DESAHUCIO
PERSONA 1792,"$751,88",DESAHUCIO
PERSONA 1347,"$751,40",DESAHUCIO
PERSONA 1499,"$750,97",DESAHUCIO
PERSONA 1340,"$750,92",DESAHUCIO
PERSONA 1495,"$750,14",DESAHUCIO
PERSONA 1399,"$749,70",DESAHUCIO
PERSONA 1542,"$749,46",DESAHUCIO
PERSONA 1550,"$749,03",DESAHUCIO
PERSONA 1335,"$748,88",DESAHUCIO
PERSONA 1536,"$748,88",DESAHUCIO
PERSONA 1375,"$748,52",DESAHUCIO
PERSONA 1500,"$748,52",DESAHUCIO
PERSONA 1361,"$748,45",DESAHUCIO
PERSONA 1497,"$748,45",DESAHUCIO
PERSONA 1355,"$748,38",DESAHUCIO
PERSONA 1366,"$747,96",DESAHUCIO
PERSONA 1388,"$747,96",DESAHUCIO
PERSONA 1544,"$747,96",DESAHUCIO
PERSONA 1338,"$747,58",DESAHUCIO
PERSONA 1383,"$747,58",DESAHUCIO
PERSONA 1423,"$747,58",DESAHUCIO
PERSONA 1531,"$747,58",DESAHUCIO
PERSONA 1537,"$747,58",DESAHUCIO
PERSONA 1486,"$747,45",DESAHUCIO
PERSONA 1468,"$747,26",DESAHUCIO
PERSONA 1502,"$747,26",DESAHUCIO
PERSONA 1567,"$747,26",DESAHUCIO
PERSONA 1336,"$746,95",DESAHUCIO
PERSONA 1475,"$746,95",DESAHUCIO
PERSONA 1510,"$746,95",DESAHUCIO
PERSONA 1449,"$746,91",JUBILACIÓN
PERSONA 1559,"$746,68",DESAHUCIO
PERSONA 1547,"$746,53",DESAHUCIO
PERSONA 1330,"$746,39",DESAHUCIO
PERSONA 1496,"$746,32",DESAHUCIO
PERSONA 1393,"$746,25",DESAHUCIO
PERSONA 1351,"$746,02",DESAHUCIO
PERSONA 1445,"$745,86",DESAHUCIO
PERSONA 1478,"$745,86",DESAHUCIO
PERSONA 1573,"$745,86",DESAHUCIO
PERSONA 1310,"$745,75",DESAHUCIO
PERSONA 1454,"$745,69",DESAHUCIO
PERSONA 1466,"$745,69",DESAHUCIO
PERSONA 1392,"$745,54",DESAHUCIO
PERSONA 1513,"$745,54",DESAHUCIO
PERSONA 1316,"$745,38",DESAHUCIO
PERSONA 1415,"$745,38",DESAHUCIO
PERSONA 1348,"$745,32",DESAHUCIO
PERSONA 1483,"$745,30",DESAHUCIO
PERSONA 1485,"$745,30",DESAHUCIO
PERSONA 1491,"$745,22",DESAHUCIO
PERSONA 1372,"$745,10",DESAHUCIO
PERSONA 1387,"$745,10",DESAHUCIO
PERSONA 1518,"$745,10",DESAHUCIO
PERSONA 1484,"$745,08",DESAHUCIO
PERSONA 1385,"$744,92",DESAHUCIO
PERSONA 1327,"$744,81",DESAHUCIO
PERSONA 1344,"$744,26",DESAHUCIO
PERSONA 1539,"$741,60",DESAHUCIO
PERSONA 1508,"$741,34",DESAHUCIO
PERSONA 1379,"$741,04",DESAHUCIO
PERSONA 1420,"$740,57",DESAHUCIO
PERSONA 1517,"$736,05",JUBILACIÓN
PERSONA 1357,"$731,38",JUBILACIÓN
PERSONA 1360,"$729,02",JUBILACIÓN
PERSONA 1511,"$704,03",JUBILACIÓN
PERSONA 1523,"$698,86",DESAHUCIO
PERSONA 1443,"$693,18",DESAHUCIO
PERSONA 1314,"$686,98",DESAHUCIO
PERSONA 1414,"$682,06",DESAHUCIO
PERSONA 1522,"$681,05",DESAHUCIO
PERSONA 1323,"$678,37",DESAHUCIO
PERSONA 1434,"$674,33",DESAHUCIO
PERSONA 1521,"$672,42",DESAHUCIO
PERSONA 1488,"$667,94",DESAHUCIO
PERSONA 1313,"$667,20",DESAHUCIO
PERSONA 1459,"$666,94",DESAHUCIO
PERSONA 1641,"$665,54",DESAHUCIO
PERSONA 1397,"$664,10",DESAHUCIO
PERSONA 1507,"$663,67",DESAHUCIO
PERSONA 1377,"$661,46",DESAHUCIO
PERSONA 1386,"$659,25",DESAHUCIO
PERSONA 1430,"$659,05",DESAHUCIO
PERSONA 1453,"$658,30",DESAHUCIO
PERSONA 1341,"$657,93",DESAHUCIO
PERSONA 1565,"$657,28",DESAHUCIO
PERSONA 1545,"$657,16",DESAHUCIO
PERSONA 1540,"$656,82",DESAHUCIO
PERSONA 1311,"$656,10",DESAHUCIO
PERSONA 1568,"$655,53",DESAHUCIO
PERSONA 1549,"$654,99",DESAHUCIO
PERSONA 1406,"$654,26",DESAHUCIO
PERSONA 1538,"$647,91",JUBILACIÓN
PERSONA 1552,"$646,43",DESAHUCIO
PERSONA 1350,"$645,91",JUBILACIÓN
PERSONA 1743,"$644,60",DESAHUCIO
PERSONA 1463,"$640,24",DESAHUCIO
PERSONA 1480,"$640,22",DESAHUCIO
PERSONA 1460,"$632,42",DESAHUCIO
PERSONA 1477,"$631,65",DESAHUCIO
PERSONA 1543,"$627,66",DESAHUCIO
PERSONA 1541,"$626,03",DESAHUCIO
PERSONA 1358,"$625,96",DESAHUCIO
PERSONA 1356,"$625,46",DESAHUCIO
PERSONA 1359,"$625,14",DESAHUCIO
PERSONA 1482,"$624,78",DESAHUCIO
PERSONA 1562,"$624,16",DESAHUCIO
PERSONA 1579,"$623,82",DESAHUCIO
PERSONA 1464,"$623,00",DESAHUCIO
PERSONA 1422,"$622,26",DESAHUCIO
PERSONA 1553,"$621,94",DESAHUCIO
PERSONA 1364,"$619,16",DESAHUCIO
PERSONA 1471,"$618,90",DESAHUCIO
PERSONA 1575,"$617,90",DESAHUCIO
PERSONA 1425,"$616,56",DESAHUCIO
PERSONA 1373,"$614,20",DESAHUCIO
PERSONA 1321,"$612,98",DESAHUCIO
PERSONA 1560,"$608,34",DESAHUCIO
PERSONA 1501,"$606,78",JUBILACIÓN
PERSONA 1320,"$601,98",DESAHUCIO
PERSONA 1440,"$600,05",JUBILACIÓN
PERSONA 1846,"$595,92",JUBILACIÓN
PERSONA 1571,"$592,93",JUBILACIÓN
PERSONA 1796,"$586,16",DESAHUCIO
PERSONA 1896,"$573,93",JUBILACIÓN
PERSONA 1426,"$567,52",JUBILACIÓN
PERSONA 1939,"$562,58",JUBILACIÓN
PERSONA 1362,"$556,72",DESAHUCIO
PERSONA 1943,"$555,74",JUBILACIÓN
PERSONA 1349,"$554,08",JUBILACIÓN
PERSONA 1503,"$554,00",DESAHUCIO
PERSONA 1378,"$552,15",DESAHUCIO
PERSONA 1714,"$552,02",JUBILACIÓN
PERSONA 1479,"$550,94",DESAHUCIO
PERSONA 1474,"$549,54",DESAHUCIO
PERSONA 1439,"$548,38",DESAHUCIO
PERSONA 1505,"$547,81",DESAHUCIO
PERSONA 1374,"$547,41",DESAHUCIO
PERSONA 1526,"$546,74",DESAHUCIO
PERSONA 1561,"$546,58",DESAHUCIO
PERSONA 1346,"$542,73",DESAHUCIO
PERSONA 1318,"$542,66",DESAHUCIO
PERSONA 1444,"$542,47",DESAHUCIO
PERSONA 1481,"$541,81",DESAHUCIO
PERSONA 1455,"$540,67",JUBILACIÓN
PERSONA 1519,"$540,58",DESAHUCIO
PERSONA 1512,"$540,26",DESAHUCIO
PERSONA 1566,"$540,26",DESAHUCIO
PERSONA 1465,"$539,27",DESAHUCIO
PERSONA 1418,"$537,79",DESAHUCIO
PERSONA 1808,"$525,83",DESAHUCIO
PERSONA 1493,"$521,56",DESAHUCIO
PERSONA 1411,"$520,82",DESAHUCIO
PERSONA 1756,"$520,42",JUBILACIÓN
PERSONA 1620,"$517,21",DESAHUCIO
PERSONA 1563,"$505,30",DESAHUCIO
PERSONA 1601,"$502,70",JUBILACIÓN
PERSONA 1334,"$502,07",DESAHUCIO
PERSONA 1810,"$501,39",JUBILACIÓN
PERSONA 1917,"$499,96",DESAHUCIO
PERSONA 1369,"$499,80",DESAHUCIO
PERSONA 1759,"$499,59",JUBILACIÓN
PERSONA 1708,"$498,51",DESAHUCIO
PERSONA 1578,"$496,91",DESAHUCIO
PERSONA 1403,"$496,37",DESAHUCIO
PERSONA 1564,"$494,85",DESAHUCIO
PERSONA 1724,"$494,78",DESAHUCIO
PERSONA 1509,"$494,18",DESAHUCIO
PERSONA 1520,"$494,15",DESAHUCIO
PERSONA 1558,"$493,79",DESAHUCIO
PERSONA 1535,"$491,31",DESAHUCIO
PERSONA 1525,"$490,93",DESAHUCIO
PERSONA 1681,"$489,95",JUBILACIÓN
PERSONA 1457,"$489,72",DESAHUCIO
PERSONA 1548,"$488,24",DESAHUCIO
PERSONA 1456,"$487,77",DESAHUCIO
PERSONA 1345,"$487,46",DESAHUCIO
PERSONA 1448,"$482,39",DESAHUCIO
PERSONA 1401,"$478,96",DESAHUCIO
PERSONA 1504,"$478,42",DESAHUCIO
PERSONA 1419,"$478,17",DESAHUCIO
PERSONA 1367,"$475,20",DESAHUCIO
PERSONA 1429,"$471,54",DESAHUCIO
PERSONA 1381,"$467,46",DESAHUCIO
PERSONA 1354,"$466,28",DESAHUCIO
PERSONA 1776,"$457,89",DESAHUCIO
PERSONA 1337,"$457,60",DESAHUCIO
PERSONA 1926,"$452,89",JUBILACIÓN
PERSONA 1792,"$447,22",JUBILACIÓN
PERSONA 1943,"$444,78",DESAHUCIO
PERSONA 1538,"$442,86",DESAHUCIO
PERSONA 1511,"$442,36",DESAHUCIO
PERSONA 1326,"$442,28",DESAHUCIO
PERSONA 1590,"$441,11",JUBILACIÓN
PERSONA 1776,"$435,08",JUBILACIÓN
PERSONA 1517,"$433,39",DESAHUCIO
PERSONA 1365,"$430,30",DESAHUCIO
PERSONA 1391,"$429,82",DESAHUCIO
PERSONA 1506,"$427,88",DESAHUCIO
PERSONA 1734,"$427,51",JUBILACIÓN
PERSONA 1357,"$427,14",DESAHUCIO
PERSONA 1436,"$426,58",DESAHUCIO
PERSONA 1360,"$426,38",DESAHUCIO
PERSONA 1449,"$424,99",DESAHUCIO
PERSONA 1800,"$424,74",JUBILACIÓN
PERSONA 1853,"$420,91",JUBILACIÓN
PERSONA 1730,"$419,55",JUBILACIÓN
PERSONA 1591,"$412,73",DESAHUCIO
PERSONA 1585,"$411,13",JUBILACIÓN
PERSONA 1708,"$410,97",JUBILACIÓN
PERSONA 1824,"$403,71",JUBILACIÓN
PERSONA 1426,"$383,01",DESAHUCIO
PERSONA 1835,"$381,80",JUBILACIÓN
PERSONA 1672,"$376,76",JUBILACIÓN
PERSONA 1701,"$375,77",JUBILACIÓN
PERSONA 1501,"$375,22",DESAHUCIO
PERSONA 1349,"$371,44",DESAHUCIO
PERSONA 1571,"$371,11",DESAHUCIO
PERSONA 1660,"$367,13",JUBILACIÓN
PERSONA 1718,"$367,13",JUBILACIÓN
PERSONA 1680,"$365,31",JUBILACIÓN
PERSONA 1455,"$357,41",DESAHUCIO
PERSONA 1796,"$356,61",JUBILACIÓN
PERSONA 1800,"$352,00",DESAHUCIO
PERSONA 1836,"$350,46",JUBILACIÓN
PERSONA 1874,"$348,48",JUBILACIÓN
PERSONA 1588,"$347,76",JUBILACIÓN
PERSONA 1886,"$347,73",JUBILACIÓN
PERSONA 1843,"$345,81",JUBILACIÓN
PERSONA 1829,"$344,90",JUBILACIÓN
PERSONA 1815,"$343,98",JUBILACIÓN
PERSONA 1714,"$343,66",DESAHUCIO
PERSONA 1705,"$343,15",JUBILACIÓN
PERSONA 1648,"$342,84",JUBILACIÓN
PERSONA 1692,"$342,46",JUBILACIÓN
PERSONA 1756,"$342,45",DESAHUCIO
PERSONA 1691,"$341,71",JUBILACIÓN
PERSONA 1821,"$341,01",JUBILACIÓN
PERSONA 1825,"$339,70",JUBILACIÓN
PERSONA 1688,"$339,56",JUBILACIÓN
PERSONA 1601,"$339,36",DESAHUCIO
PERSONA 1810,"$339,23",DESAHUCIO
PERSONA 1685,"$338,61",JUBILACIÓN
PERSONA 1759,"$338,50",DESAHUCIO
PERSONA 1848,"$338,32",JUBILACIÓN
PERSONA 1343,"$337,98",JUBILACIÓN
PERSONA 1846,"$337,22",DESAHUCIO
PERSONA 1939,"$335,54",DESAHUCIO
PERSONA 1940,"$334,35",JUBILACIÓN
PERSONA 1741,"$332,56",JUBILACIÓN
PERSONA 1683,"$331,61",JUBILACIÓN
PERSONA 1926,"$324,16",DESAHUCIO
PERSONA 1682,"$322,55",JUBILACIÓN
PERSONA 1585,"$322,44",DESAHUCIO
PERSONA 1793,"$322,30",DESAHUCIO
PERSONA 1605,"$318,44",JUBILACIÓN
PERSONA 1944,"$315,07",JUBILACIÓN
PERSONA 1893,"$313,46",JUBILACIÓN
PERSONA 1734,"$312,72",DESAHUCIO
PERSONA 1730,"$311,50",DESAHUCIO
PERSONA 1937,"$310,53",JUBILACIÓN
PERSONA 1733,"$310,26",JUBILACIÓN
PERSONA 1924,"$309,29",JUBILACIÓN
PERSONA 1880,"$308,73",JUBILACIÓN
PERSONA 1616,"$307,24",JUBILACIÓN
PERSONA 1606,"$306,98",JUBILACIÓN
PERSONA 1816,"$305,33",JUBILACIÓN
PERSONA 1676,"$303,72",JUBILACIÓN
PERSONA 1852,"$303,15",JUBILACIÓN
PERSONA 1599,"$302,30",JUBILACIÓN
PERSONA 1651,"$301,98",JUBILACIÓN
PERSONA 1662,"$300,13",JUBILACIÓN
PERSONA 1744,"$299,76",JUBILACIÓN
PERSONA 1824,"$298,31",DESAHUCIO
PERSONA 1835,"$298,14",DESAHUCIO
PERSONA 1673,"$294,06",DESAHUCIO
PERSONA 1733,"$293,16",DESAHUCIO
PERSONA 1940,"$290,41",DESAHUCIO
PERSONA 1935,"$290,33",JUBILACIÓN
PERSONA 1768,"$289,62",JUBILACIÓN
PERSONA 1643,"$289,29",JUBILACIÓN
PERSONA 1661,"$289,10",JUBILACIÓN
PERSONA 1702,"$288,80",JUBILACIÓN
PERSONA 1677,"$287,09",JUBILACIÓN
PERSONA 1916,"$284,99",DESAHUCIO
PERSONA 1874,"$284,22",DESAHUCIO
PERSONA 1794,"$284,13",JUBILACIÓN
PERSONA 1672,"$284,03",DESAHUCIO
PERSONA 1701,"$283,13",DESAHUCIO
PERSONA 1916,"$282,59",JUBILACIÓN
PERSONA 1590,"$282,46",DESAHUCIO
PERSONA 1741,"$282,22",DESAHUCIO
PERSONA 1853,"$281,38",DESAHUCIO
PERSONA 1660,"$281,26",DESAHUCIO
PERSONA 1718,"$281,26",DESAHUCIO
PERSONA 1680,"$281,04",DESAHUCIO
PERSONA 1843,"$280,50",DESAHUCIO
PERSONA 1914,"$280,50",DESAHUCIO
PERSONA 1886,"$279,76",DESAHUCIO
PERSONA 1914,"$279,38",JUBILACIÓN
PERSONA 1836,"$278,58",DESAHUCIO
PERSONA 1588,"$277,27",DESAHUCIO
PERSONA 1815,"$276,83",DESAHUCIO
PERSONA 1692,"$276,65",DESAHUCIO
PERSONA 1691,"$276,58",DESAHUCIO
PERSONA 1816,"$276,38",DESAHUCIO
PERSONA 1705,"$276,13",DESAHUCIO
PERSONA 1648,"$276,06",DESAHUCIO
PERSONA 1688,"$275,50",DESAHUCIO
PERSONA 1821,"$275,30",DESAHUCIO
PERSONA 1825,"$275,22",DESAHUCIO
PERSONA 1848,"$274,50",DESAHUCIO
PERSONA 1685,"$273,49",DESAHUCIO
PERSONA 1683,"$270,69",DESAHUCIO
PERSONA 1716,"$270,20",JUBILACIÓN
PERSONA 1682,"$268,14",DESAHUCIO
PERSONA 1625,"$263,20",JUBILACIÓN
PERSONA 1791,"$262,01",JUBILACIÓN
PERSONA 1673,"$260,94",JUBILACIÓN
PERSONA 1891,"$259,96",JUBILACIÓN
PERSONA 1675,"$258,85",JUBILACIÓN
PERSONA 1668,"$258,66",JUBILACIÓN
PERSONA 1702,"$258,60",DESAHUCIO
PERSONA 1605,"$258,51",DESAHUCIO
PERSONA 1626,"$257,96",JUBILACIÓN
PERSONA 1944,"$257,37",DESAHUCIO
PERSONA 1898,"$256,70",JUBILACIÓN
PERSONA 1893,"$255,89",DESAHUCIO
PERSONA 1880,"$255,32",DESAHUCIO
PERSONA 1937,"$254,91",DESAHUCIO
PERSONA 1924,"$254,81",DESAHUCIO
PERSONA 1616,"$254,51",DESAHUCIO
PERSONA 1676,"$253,06",DESAHUCIO
PERSONA 1606,"$252,58",DESAHUCIO
PERSONA 1599,"$251,26",DESAHUCIO
PERSONA 1919,"$250,78",JUBILACIÓN
PERSONA 1662,"$250,35",DESAHUCIO
PERSONA 1852,"$250,30",DESAHUCIO
PERSONA 1651,"$249,82",DESAHUCIO
PERSONA 1768,"$248,94",DESAHUCIO
PERSONA 1744,"$248,60",DESAHUCIO
PERSONA 1639,"$245,43",DESAHUCIO
PERSONA 1935,"$244,89",DESAHUCIO
PERSONA 1661,"$244,74",DESAHUCIO
PERSONA 1765,"$244,54",DESAHUCIO
PERSONA 1677,"$243,74",DESAHUCIO
PERSONA 1643,"$242,78",DESAHUCIO
PERSONA 1794,"$240,84",DESAHUCIO
PERSONA 1813,"$239,10",DESAHUCIO
PERSONA 1726,"$238,85",JUBILACIÓN
PERSONA 1626,"$238,41",DESAHUCIO
PERSONA 1781,"$238,35",JUBILACIÓN
PERSONA 1671,"$237,01",JUBILACIÓN
PERSONA 1795,"$236,50",JUBILACIÓN
PERSONA 1850,"$236,50",JUBILACIÓN
PERSONA 1740,"$236,42",DESAHUCIO
PERSONA 1842,"$235,86",JUBILACIÓN
PERSONA 1632,"$234,02",JUBILACIÓN
PERSONA 1809,"$233,66",JUBILACIÓN
PERSONA 1740,"$232,78",JUBILACIÓN
PERSONA 1675,"$232,44",DESAHUCIO
PERSONA 1912,"$232,11",JUBILACIÓN
PERSONA 1899,"$231,64",JUBILACIÓN
PERSONA 1952,"$231,15",JUBILACIÓN
PERSONA 1948,"$228,96",JUBILACIÓN
PERSONA 1706,"$227,95",JUBILACIÓN
PERSONA 1621,"$227,94",JUBILACIÓN
PERSONA 1919,"$227,53",DESAHUCIO
PERSONA 1878,"$227,39",DESAHUCIO
PERSONA 1633,"$226,27",DESAHUCIO
PERSONA 1722,"$224,71",JUBILACIÓN
PERSONA 1613,"$224,33",DESAHUCIO
PERSONA 1659,"$224,28",JUBILACIÓN
PERSONA 1596,"$224,16",JUBILACIÓN
PERSONA 1863,"$223,88",JUBILACIÓN
PERSONA 1679,"$223,67",DESAHUCIO
PERSONA 1894,"$223,46",DESAHUCIO
PERSONA 1612,"$223,44",JUBILACIÓN
PERSONA 1882,"$222,78",DESAHUCIO
PERSONA 1716,"$222,12",DESAHUCIO
PERSONA 1911,"$220,57",DESAHUCIO
PERSONA 1842,"$220,26",DESAHUCIO
PERSONA 1698,"$220,14",JUBILACIÓN
PERSONA 1780,"$219,49",DESAHUCIO
PERSONA 1952,"$219,23",DESAHUCIO
PERSONA 1593,"$218,98",JUBILACIÓN
PERSONA 1770,"$218,81",JUBILACIÓN
PERSONA 1618,"$218,26",DESAHUCIO
PERSONA 1613,"$218,18",JUBILACIÓN
PERSONA 1918,"$217,92",JUBILACIÓN
PERSONA 1693,"$217,31",DESAHUCIO
PERSONA 1754,"$217,31",DESAHUCIO
PERSONA 1795,"$217,30",DESAHUCIO
PERSONA 1850,"$217,30",DESAHUCIO
PERSONA 1766,"$216,68",JUBILACIÓN
PERSONA 1593,"$216,62",DESAHUCIO
PERSONA 1728,"$216,32",DESAHUCIO
PERSONA 1844,"$215,04",DESAHUCIO
PERSONA 1632,"$214,86",DESAHUCIO
PERSONA 1912,"$214,49",DESAHUCIO
PERSONA 1899,"$213,30",DESAHUCIO
PERSONA 1684,"$213,24",DESAHUCIO
PERSONA 1790,"$212,27",JUBILACIÓN
PERSONA 1706,"$212,26",DESAHUCIO
PERSONA 1948,"$212,02",DESAHUCIO
PERSONA 1440,"$211,64",DESAHUCIO
PERSONA 1781,"$211,64",DESAHUCIO
PERSONA 1844,"$211,45",JUBILACIÓN
PERSONA 1350,"$211,32",DESAHUCIO
PERSONA 1621,"$210,93",DESAHUCIO
PERSONA 1668,"$210,37",DESAHUCIO
PERSONA 1809,"$210,22",DESAHUCIO
PERSONA 1722,"$210,15",DESAHUCIO
PERSONA 1659,"$210,10",DESAHUCIO
PERSONA 1679,"$209,69",JUBILACIÓN
PERSONA 1596,"$209,32",DESAHUCIO
PERSONA 1681,"$208,98",DESAHUCIO
PERSONA 1863,"$208,97",DESAHUCIO
PERSONA 1612,"$208,88",DESAHUCIO
PERSONA 1813,"$208,63",JUBILACIÓN
PERSONA 1847,"$208,44",DESAHUCIO
PERSONA 1898,"$208,36",DESAHUCIO
PERSONA 1698,"$207,14",DESAHUCIO
PERSONA 1860,"$206,34",DESAHUCIO
PERSONA 1891,"$205,83",DESAHUCIO
PERSONA 1770,"$204,98",DESAHUCIO
PERSONA 1671,"$204,88",DESAHUCIO
PERSONA 1625,"$204,71",DESAHUCIO
PERSONA 1790,"$204,62",DESAHUCIO
PERSONA 1918,"$204,42",DESAHUCIO
PERSONA 1766,"$203,58",DESAHUCIO
PERSONA 1845,"$203,46",DESAHUCIO
PERSONA 1765,"$203,41",JUBILACIÓN
PERSONA 1888,"$202,82",JUBILACIÓN
PERSONA 1890,"$202,43",JUBILACIÓN
PERSONA 1861,"$202,06",JUBILACIÓN
PERSONA 1665,"$202,02",DESAHUCIO
PERSONA 1665,"$201,93",JUBILACIÓN
PERSONA 1748,"$201,87",JUBILACIÓN
PERSONA 1760,"$201,82",JUBILACIÓN
PERSONA 1761,"$201,78",DESAHUCIO
PERSONA 1644,"$201,74",JUBILACIÓN
PERSONA 1726,"$201,68",DESAHUCIO
PERSONA 1888,"$201,44",DESAHUCIO
PERSONA 1624,"$201,22",JUBILACIÓN
PERSONA 1890,"$201,20",DESAHUCIO
PERSONA 1627,"$201,18",JUBILACIÓN
PERSONA 1748,"$201,17",DESAHUCIO
PERSONA 1829,"$201,08",DESAHUCIO
PERSONA 1627,"$201,04",DESAHUCIO
PERSONA 1607,"$200,99",DESAHUCIO
PERSONA 1607,"$200,86",JUBILACIÓN
PERSONA 1861,"$200,85",DESAHUCIO
PERSONA 1760,"$200,74",DESAHUCIO
PERSONA 1789,"$200,71",DESAHUCIO
PERSONA 1624,"$200,54",DESAHUCIO
PERSONA 1847,"$200,26",JUBILACIÓN
PERSONA 1789,"$200,07",JUBILACIÓN
PERSONA 1658,"$197,99",DESAHUCIO
PERSONA 1658,"$196,64",JUBILACIÓN
PERSONA 1650,"$196,30",JUBILACIÓN
PERSONA 1905,"$196,28",DESAHUCIO
PERSONA 1780,"$195,70",JUBILACIÓN
PERSONA 1582,"$195,49",DESAHUCIO
PERSONA 1633,"$194,64",JUBILACIÓN
PERSONA 1905,"$194,52",JUBILACIÓN
PERSONA 1761,"$194,22",JUBILACIÓN
PERSONA 1582,"$193,66",JUBILACIÓN
PERSONA 1693,"$192,92",JUBILACIÓN
PERSONA 1754,"$192,92",JUBILACIÓN
PERSONA 1818,"$192,89",DESAHUCIO
PERSONA 1819,"$192,69",DESAHUCIO
PERSONA 1591,"$190,38",JUBILACIÓN
PERSONA 1819,"$189,79",JUBILACIÓN
PERSONA 1908,"$189,01",DESAHUCIO
PERSONA 1908,"$185,59",JUBILACIÓN
PERSONA 1878,"$184,84",JUBILACIÓN
PERSONA 1618,"$184,79",JUBILACIÓN
PERSONA 1953,"$180,13",JUBILACIÓN
PERSONA 1872,"$177,39",DESAHUCIO
PERSONA 1831,"$176,52",DESAHUCIO
PERSONA 1860,"$176,45",JUBILACIÓN
PERSONA 1851,"$175,70",JUBILACIÓN
PERSONA 1728,"$172,03",JUBILACIÓN
PERSONA 1650,"$171,82",DESAHUCIO
PERSONA 1594,"$170,81",DESAHUCIO
PERSONA 1646,"$169,78",DESAHUCIO
PERSONA 1831,"$168,58",JUBILACIÓN
PERSONA 1806,"$168,58",DESAHUCIO
PERSONA 1882,"$167,21",JUBILACIÓN
PERSONA 1845,"$165,86",JUBILACIÓN
PERSONA 1872,"$165,59",JUBILACIÓN
PERSONA 1911,"$164,83",JUBILACIÓN
PERSONA 1953,"$164,19",DESAHUCIO
PERSONA 1851,"$163,86",DESAHUCIO
PERSONA 1773,"$163,35",JUBILACIÓN
PERSONA 1594,"$162,38",JUBILACIÓN
PERSONA 1646,"$161,33",JUBILACIÓN
PERSONA 1645,"$161,04",DESAHUCIO
PERSONA 1649,"$160,32",DESAHUCIO
PERSONA 1806,"$159,75",JUBILACIÓN
PERSONA 1595,"$150,90",DESAHUCIO
PERSONA 1639,"$144,35",JUBILACIÓN
PERSONA 1758,"$144,16",DESAHUCIO
PERSONA 1838,"$143,62",DESAHUCIO
PERSONA 1957,"$142,93",DESAHUCIO
PERSONA 1641,"$142,05",JUBILACIÓN
PERSONA 1928,"$141,55",DESAHUCIO
PERSONA 1894,"$141,12",JUBILACIÓN
PERSONA 1710,"$140,79",DESAHUCIO
PERSONA 1649,"$140,49",JUBILACIÓN
PERSONA 1617,"$139,73",DESAHUCIO
PERSONA 1830,"$139,52",DESAHUCIO
PERSONA 1645,"$139,14",JUBILACIÓN
PERSONA 1774,"$138,09",DESAHUCIO
PERSONA 1743,"$135,18",JUBILACIÓN
PERSONA 1885,"$134,20",DESAHUCIO
PERSONA 1917,"$133,78",JUBILACIÓN
PERSONA 1941,"$133,21",DESAHUCIO
PERSONA 1777,"$131,67",DESAHUCIO
PERSONA 1955,"$130,66",DESAHUCIO
PERSONA 1739,"$130,48",DESAHUCIO
PERSONA 1906,"$130,42",DESAHUCIO
PERSONA 1595,"$129,95",JUBILACIÓN
PERSONA 1883,"$127,35",DESAHUCIO
PERSONA 1674,"$126,50",DESAHUCIO
PERSONA 1870,"$125,95",DESAHUCIO
PERSONA 1725,"$125,50",DESAHUCIO
PERSONA 1758,"$122,17",JUBILACIÓN
PERSONA 1957,"$120,63",JUBILACIÓN
PERSONA 1838,"$119,54",JUBILACIÓN
PERSONA 1928,"$118,74",JUBILACIÓN
PERSONA 1617,"$117,42",JUBILACIÓN
PERSONA 1830,"$116,82",JUBILACIÓN
PERSONA 1710,"$116,52",JUBILACIÓN
PERSONA 1954,"$115,50",DESAHUCIO
PERSONA 1774,"$115,14",JUBILACIÓN
PERSONA 1885,"$110,59",JUBILACIÓN
PERSONA 1941,"$109,94",JUBILACIÓN
PERSONA 1791,"$109,38",DESAHUCIO
PERSONA 1697,"$108,81",DESAHUCIO
PERSONA 1739,"$107,11",JUBILACIÓN
PERSONA 1906,"$107,02",JUBILACIÓN
PERSONA 1717,"$105,84",DESAHUCIO
PERSONA 1684,"$103,51",JUBILACIÓN
PERSONA 1695,"$102,89",DESAHUCIO
PERSONA 1927,"$102,08",DESAHUCIO
PERSONA 1777,"$101,72",JUBILACIÓN
PERSONA 1955,"$96,93",JUBILACIÓN
PERSONA 1889,"$96,54",DESAHUCIO
PERSONA 1883,"$96,53",JUBILACIÓN
PERSONA 1870,"$95,19",JUBILACIÓN
PERSONA 1725,"$94,69",JUBILACIÓN
PERSONA 1620,"$90,66",JUBILACIÓN
PERSONA 1920,"$86,74",JUBILACIÓN
PERSONA 1954,"$83,22",JUBILACIÓN
PERSONA 1778,"$81,59",DESAHUCIO
PERSONA 1697,"$79,64",JUBILACIÓN
PERSONA 1818,"$77,34",JUBILACIÓN
PERSONA 1717,"$77,23",JUBILACIÓN
PERSONA 1695,"$74,59",JUBILACIÓN
PERSONA 1889,"$68,82",JUBILACIÓN
PERSONA 1895,"$64,73",DESAHUCIO
PERSONA 1589,"$64,68",DESAHUCIO
PERSONA 1644,"$64,68",DESAHUCIO
PERSONA 1811,"$64,42",DESAHUCIO
PERSONA 1736,"$64,30",DESAHUCIO
PERSONA 1763,"$64,27",DESAHUCIO
PERSONA 1942,"$64,27",DESAHUCIO
PERSONA 1934,"$64,26",DESAHUCIO
PERSONA 1767,"$61,79",DESAHUCIO
PERSONA 1949,"$61,03",DESAHUCIO
PERSONA 1801,"$60,72",DESAHUCIO
PERSONA 1755,"$60,46",DESAHUCIO
PERSONA 1634,"$59,54",DESAHUCIO
PERSONA 1711,"$59,54",DESAHUCIO
PERSONA 1927,"$56,10",JUBILACIÓN
PERSONA 1630,"$53,96",DESAHUCIO
PERSONA 1778,"$51,52",JUBILACIÓN
PERSONA 1808,"$48,93",JUBILACIÓN
PERSONA 1787,"$44,63",DESAHUCIO
PERSONA 1811,"$40,78",JUBILACIÓN
PERSONA 1736,"$40,72",JUBILACIÓN
PERSONA 1763,"$40,65",JUBILACIÓN
PERSONA 1942,"$40,65",JUBILACIÓN
PERSONA 1934,"$40,61",JUBILACIÓN
PERSONA 1589,"$40,32",JUBILACIÓN
PERSONA 1895,"$40,10",JUBILACIÓN
PERSONA 1949,"$38,38",JUBILACIÓN
PERSONA 1755,"$37,98",JUBILACIÓN
PERSONA 1801,"$37,54",JUBILACIÓN
PERSONA 1767,"$35,34",JUBILACIÓN
PERSONA 1630,"$33,46",JUBILACIÓN
PERSONA 1597,"$32,78",JUBILACIÓN
PERSONA 1674,"$32,76",JUBILACIÓN
PERSONA 1634,"$29,26",JUBILACIÓN
PERSONA 1711,"$29,26",JUBILACIÓN
PERSONA 1793,"$25,58",JUBILACIÓN
PERSONA 1703,"$25,18",DESAHUCIO
PERSONA 1820,"$25,17",DESAHUCIO
PERSONA 1945,"$25,03",DESAHUCIO
PERSONA 1619,"$24,98",DESAHUCIO
PERSONA 1664,"$24,90",DESAHUCIO
PERSONA 1631,"$24,84",DESAHUCIO
PERSONA 1822,"$23,43",DESAHUCIO
PERSONA 1812,"$23,42",DESAHUCIO
PERSONA 1597,"$23,34",DESAHUCIO
PERSONA 1823,"$23,33",DESAHUCIO
PERSONA 1724,"$23,18",JUBILACIÓN
PERSONA 1731,"$22,79",DESAHUCIO
PERSONA 1773,"$22,74",DESAHUCIO
PERSONA 1925,"$21,36",DESAHUCIO
PERSONA 1750,"$21,26",DESAHUCIO
PERSONA 1915,"$21,19",DESAHUCIO
PERSONA 1920,"$21,17",DESAHUCIO
PERSONA 1779,"$21,14",DESAHUCIO
PERSONA 1857,"$21,10",DESAHUCIO
PERSONA 1946,"$21,05",DESAHUCIO
PERSONA 1731,"$20,91",JUBILACIÓN
PERSONA 1945,"$20,14",JUBILACIÓN
PERSONA 1727,"$19,93",DESAHUCIO
PERSONA 1904,"$19,22",DESAHUCIO
PERSONA 1615,"$19,22",DESAHUCIO
PERSONA 1858,"$18,51",DESAHUCIO
PERSONA 1629,"$17,62",DESAHUCIO
PERSONA 1631,"$17,10",JUBILACIÓN
PERSONA 1664,"$16,98",JUBILACIÓN
PERSONA 1820,"$16,94",JUBILACIÓN
PERSONA 1619,"$16,59",JUBILACIÓN
PERSONA 1771,"$16,29",DESAHUCIO
PERSONA 1903,"$16,17",DESAHUCIO
PERSONA 1823,"$15,97",JUBILACIÓN
PERSONA 1812,"$15,73",JUBILACIÓN
PERSONA 1822,"$15,63",JUBILACIÓN
PERSONA 1703,"$14,78",JUBILACIÓN
PERSONA 1689,"$14,75",DESAHUCIO
PERSONA 1750,"$14,50",JUBILACIÓN
PERSONA 1925,"$14,33",JUBILACIÓN
PERSONA 1746,"$13,26",DESAHUCIO
PERSONA 1656,"$13,17",DESAHUCIO
PERSONA 1666,"$13,14",DESAHUCIO
PERSONA 1904,"$13,02",JUBILACIÓN
PERSONA 1615,"$13,01",JUBILACIÓN
PERSONA 1603,"$12,69",DESAHUCIO
PERSONA 1727,"$12,47",JUBILACIÓN
PERSONA 1628,"$12,26",DESAHUCIO
PERSONA 1946,"$12,22",JUBILACIÓN
PERSONA 1629,"$11,87",JUBILACIÓN
PERSONA 1857,"$11,81",JUBILACIÓN
PERSONA 1787,"$11,76",JUBILACIÓN
PERSONA 1779,"$11,34",JUBILACIÓN
PERSONA 1903,"$10,85",JUBILACIÓN
PERSONA 1915,"$10,82",JUBILACIÓN
PERSONA 1771,"$10,56",JUBILACIÓN
PERSONA 1666,"$7,20",JUBILACIÓN
PERSONA 1656,"$7,14",JUBILACIÓN
PERSONA 1603,"$6,73",JUBILACIÓN
PERSONA 1910,"$6,62",DESAHUCIO
PERSONA 1938,"$6,59",DESAHUCIO
PERSONA 1929,"$6,57",DESAHUCIO
PERSONA 1746,"$6,52",JUBILACIÓN
PERSONA 1628,"$5,85",JUBILACIÓN
PERSONA 1689,"$5,22",JUBILACIÓN
PERSONA 1858,"$4,88",JUBILACIÓN
PERSONA 1929,"$3,42",JUBILACIÓN
PERSONA 1938,"$3,18",JUBILACIÓN
PERSONA 1910,"$2,90",JUBILACIÓN
PERSONA 1044,"$0,00",DESAHUCIO
PERSONA 1045,"$0,00",DESAHUCIO
PERSONA 1046,"$0,00",DESAHUCIO
PERSONA 1047,"$0,00",DESAHUCIO
PERSONA 1048,"$0,00",DESAHUCIO
PERSONA 1049,"$0,00",DESAHUCIO
PERSONA 1050,"$0,00",DESAHUCIO
PERSONA 1051,"$0,00",DESAHUCIO
PERSONA 1052,"$0,00",DESAHUCIO
PERSONA 1053,"$0,00",DESAHUCIO
PERSONA 1054,"$0,00",DESAHUCIO
PERSONA 1055,"$0,00",DESAHUCIO
PERSONA 1056,"$0,00",DESAHUCIO
PERSONA 1057,"$0,00",DESAHUCIO
PERSONA 1058,"$0,00",DESAHUCIO
PERSONA 1059,"$0,00",DESAHUCIO
PERSONA 1060,"$0,00",DESAHUCIO
PERSONA 1061,"$0,00",DESAHUCIO
PERSONA 1062,"$0,00",DESAHUCIO
PERSONA 1063,"$0,00",DESAHUCIO
PERSONA 1064,"$0,00",DESAHUCIO
PERSONA 1065,"$0,00",DESAHUCIO
PERSONA 1066,"$0,00",DESAHUCIO
PERSONA 1067,"$0,00",DESAHUCIO
PERSONA 1068,"$0,00",DESAHUCIO
PERSONA 1069,"$0,00",DESAHUCIO
PERSONA 1070,"$0,00",DESAHUCIO
PERSONA 1071,"$0,00",DESAHUCIO
PERSONA 1072,"$0,00",DESAHUCIO
PERSONA 1073,"$0,00",DESAHUCIO
PERSONA 1074,"$0,00",DESAHUCIO
PERSONA 1075,"$0,00",DESAHUCIO
PERSONA 1076,"$0,00",DESAHUCIO
PERSONA 1077,"$0,00",DESAHUCIO
PERSONA 1078,"$0,00",DESAHUCIO
PERSONA 1079,"$0,00",DESAHUCIO
PERSONA 1080,"$0,00",DESAHUCIO
PERSONA 1081,"$0,00",DESAHUCIO
PERSONA 1082,"$0,00",DESAHUCIO
PERSONA 1083,"$0,00",DESAHUCIO
PERSONA 1084,"$0,00",DESAHUCIO
PERSONA 1085,"$0,00",DESAHUCIO
PERSONA 1086,"$0,00",DESAHUCIO
PERSONA 1087,"$0,00",DESAHUCIO
PERSONA 1088,"$0,00",DESAHUCIO
PERSONA 1089,"$0,00",DESAHUCIO
PERSONA 1090,"$0,00",DESAHUCIO
PERSONA 1091,"$0,00",DESAHUCIO
PERSONA 1092,"$0,00",DESAHUCIO
PERSONA 1093,"$0,00",DESAHUCIO
PERSONA 1094,"$0,00",DESAHUCIO
PERSONA 1095,"$0,00",DESAHUCIO
PERSONA 1096,"$0,00",DESAHUCIO
PERSONA 1097,"$0,00",DESAHUCIO
PERSONA 1098,"$0,00",DESAHUCIO
PERSONA 1099,"$0,00",DESAHUCIO
PERSONA 1100,"$0,00",DESAHUCIO
PERSONA 1101,"$0,00",DESAHUCIO
PERSONA 1102,"$0,00",DESAHUCIO
PERSONA 1103,"$0,00",DESAHUCIO
PERSONA 1104,"$0,00",JUBILACIÓN
PERSONA 1104,"$0,00",DESAHUCIO
PERSONA 1105,"$0,00",DESAHUCIO
PERSONA 1106,"$0,00",DESAHUCIO
PERSONA 1107,"$0,00",DESAHUCIO
PERSONA 1108,"$0,00",DESAHUCIO
PERSONA 1109,"$0,00",DESAHUCIO
PERSONA 1110,"$0,00",DESAHUCIO
PERSONA 1111,"$0,00",DESAHUCIO
PERSONA 1112,"$0,00",DESAHUCIO
PERSONA 1113,"$0,00",DESAHUCIO
PERSONA 1114,"$0,00",DESAHUCIO
PERSONA 1115,"$0,00",DESAHUCIO
PERSONA 1116,"$0,00",DESAHUCIO
PERSONA 1117,"$0,00",DESAHUCIO
PERSONA 1118,"$0,00",DESAHUCIO
PERSONA 1119,"$0,00",DESAHUCIO
PERSONA 1120,"$0,00",DESAHUCIO
PERSONA 1121,"$0,00",DESAHUCIO
PERSONA 1122,"$0,00",DESAHUCIO
PERSONA 1123,"$0,00",DESAHUCIO
PERSONA 1124,"$0,00",DESAHUCIO
PERSONA 1125,"$0,00",DESAHUCIO
PERSONA 1126,"$0,00",DESAHUCIO
PERSONA 1127,"$0,00",DESAHUCIO
PERSONA 1128,"$0,00",DESAHUCIO
PERSONA 1129,"$0,00",DESAHUCIO
PERSONA 1130,"$0,00",DESAHUCIO
PERSONA 1131,"$0,00",DESAHUCIO
PERSONA 1132,"$0,00",DESAHUCIO
PERSONA 1133,"$0,00",DESAHUCIO
PERSONA 1134,"$0,00",DESAHUCIO
PERSONA 1135,"$0,00",DESAHUCIO
PERSONA 1136,"$0,00",DESAHUCIO
PERSONA 1137,"$0,00",DESAHUCIO
PERSONA 1138,"$0,00",DESAHUCIO
PERSONA 1139,"$0,00",DESAHUCIO
PERSONA 1140,"$0,00",DESAHUCIO
PERSONA 1141,"$0,00",DESAHUCIO
PERSONA 1142,"$0,00",DESAHUCIO
PERSONA 1143,"$0,00",DESAHUCIO
PERSONA 1144,"$0,00",DESAHUCIO
PERSONA 1146,"$0,00",DESAHUCIO
PERSONA 1147,"$0,00",DESAHUCIO
PERSONA 1148,"$0,00",DESAHUCIO
PERSONA 1149,"$0,00",DESAHUCIO
PERSONA 1150,"$0,00",DESAHUCIO
PERSONA 1151,"$0,00",DESAHUCIO
PERSONA 1152,"$0,00",DESAHUCIO
PERSONA 1153,"$0,00",DESAHUCIO
PERSONA 1154,"$0,00",DESAHUCIO
PERSONA 1155,"$0,00",DESAHUCIO
PERSONA 1156,"$0,00",DESAHUCIO
PERSONA 1157,"$0,00",DESAHUCIO
PERSONA 1159,"$0,00",DESAHUCIO
PERSONA 1160,"$0,00",DESAHUCIO
PERSONA 1161,"$0,00",DESAHUCIO
PERSONA 1162,"$0,00",DESAHUCIO
PERSONA 1163,"$0,00",DESAHUCIO
PERSONA 1164,"$0,00",DESAHUCIO
PERSONA 1165,"$0,00",DESAHUCIO
PERSONA 1166,"$0,00",DESAHUCIO
PERSONA 1167,"$0,00",DESAHUCIO
PERSONA 1168,"$0,00",DESAHUCIO
PERSONA 1169,"$0,00",DESAHUCIO
PERSONA 1170,"$0,00",DESAHUCIO
PERSONA 1171,"$0,00",DESAHUCIO
PERSONA 1172,"$0,00",DESAHUCIO
PERSONA 1173,"$0,00",DESAHUCIO
PERSONA 1174,"$0,00",DESAHUCIO
PERSONA 1175,"$0,00",DESAHUCIO
PERSONA 1176,"$0,00",DESAHUCIO
PERSONA 1177,"$0,00",DESAHUCIO
PERSONA 1178,"$0,00",DESAHUCIO
PERSONA 1179,"$0,00",DESAHUCIO
PERSONA 1180,"$0,00",DESAHUCIO
PERSONA 1181,"$0,00",DESAHUCIO
PERSONA 1182,"$0,00",DESAHUCIO
PERSONA 1183,"$0,00",DESAHUCIO
PERSONA 1184,"$0,00",DESAHUCIO
PERSONA 1185,"$0,00",DESAHUCIO
PERSONA 1186,"$0,00",DESAHUCIO
PERSONA 1580,"$0,00",JUBILACIÓN
PERSONA 1580,"$0,00",DESAHUCIO
PERSONA 1581,"$0,00",JUBILACIÓN
PERSONA 1581,"$0,00",DESAHUCIO
PERSONA 1583,"$0,00",JUBILACIÓN
PERSONA 1583,"$0,00",DESAHUCIO
PERSONA 1584,"$0,00",JUBILACIÓN
PERSONA 1584,"$0,00",DESAHUCIO
PERSONA 1586,"$0,00",JUBILACIÓN
PERSONA 1586,"$0,00",DESAHUCIO
PERSONA 1587,"$0,00",JUBILACIÓN
PERSONA 1587,"$0,00",DESAHUCIO
PERSONA 1592,"$0,00",JUBILACIÓN
PERSONA 1592,"$0,00",DESAHUCIO
PERSONA 1598,"$0,00",JUBILACIÓN
PERSONA 1598,"$0,00",DESAHUCIO
PERSONA 1600,"$0,00",JUBILACIÓN
PERSONA 1600,"$0,00",DESAHUCIO
PERSONA 1602,"$0,00",JUBILACIÓN
PERSONA 1602,"$0,00",DESAHUCIO
PERSONA 1604,"$0,00",JUBILACIÓN
PERSONA 1604,"$0,00",DESAHUCIO
PERSONA 1608,"$0,00",JUBILACIÓN
PERSONA 1608,"$0,00",DESAHUCIO
PERSONA 1609,"$0,00",JUBILACIÓN
PERSONA 1609,"$0,00",DESAHUCIO
PERSONA 1610,"$0,00",JUBILACIÓN
PERSONA 1610,"$0,00",DESAHUCIO
PERSONA 1611,"$0,00",JUBILACIÓN
PERSONA 1611,"$0,00",DESAHUCIO
PERSONA 1614,"$0,00",JUBILACIÓN
PERSONA 1614,"$0,00",DESAHUCIO
PERSONA 1622,"$0,00",JUBILACIÓN
PERSONA 1622,"$0,00",DESAHUCIO
PERSONA 1623,"$0,00",JUBILACIÓN
PERSONA 1623,"$0,00",DESAHUCIO
PERSONA 1635,"$0,00",JUBILACIÓN
PERSONA 1635,"$0,00",DESAHUCIO
PERSONA 1636,"$0,00",JUBILACIÓN
PERSONA 1636,"$0,00",DESAHUCIO
PERSONA 1637,"$0,00",JUBILACIÓN
PERSONA 1637,"$0,00",DESAHUCIO
PERSONA 1638,"$0,00",JUBILACIÓN
PERSONA 1638,"$0,00",DESAHUCIO
PERSONA 1640,"$0,00",JUBILACIÓN
PERSONA 1640,"$0,00",DESAHUCIO
PERSONA 1642,"$0,00",JUBILACIÓN
PERSONA 1642,"$0,00",DESAHUCIO
PERSONA 1647,"$0,00",JUBILACIÓN
PERSONA 1647,"$0,00",DESAHUCIO
PERSONA 1652,"$0,00",JUBILACIÓN
PERSONA 1652,"$0,00",DESAHUCIO
PERSONA 1653,"$0,00",JUBILACIÓN
PERSONA 1653,"$0,00",DESAHUCIO
PERSONA 1654,"$0,00",JUBILACIÓN
PERSONA 1654,"$0,00",DESAHUCIO
PERSONA 1655,"$0,00",JUBILACIÓN
PERSONA 1655,"$0,00",DESAHUCIO
PERSONA 1657,"$0,00",JUBILACIÓN
PERSONA 1657,"$0,00",DESAHUCIO
PERSONA 1663,"$0,00",JUBILACIÓN
PERSONA 1663,"$0,00",DESAHUCIO
PERSONA 1667,"$0,00",JUBILACIÓN
PERSONA 1667,"$0,00",DESAHUCIO
PERSONA 1669,"$0,00",JUBILACIÓN
PERSONA 1669,"$0,00",DESAHUCIO
PERSONA 1670,"$0,00",JUBILACIÓN
PERSONA 1670,"$0,00",DESAHUCIO
PERSONA 1678,"$0,00",JUBILACIÓN
PERSONA 1678,"$0,00",DESAHUCIO
PERSONA 1686,"$0,00",JUBILACIÓN
PERSONA 1686,"$0,00",DESAHUCIO
PERSONA 1687,"$0,00",JUBILACIÓN
PERSONA 1687,"$0,00",DESAHUCIO
PERSONA 1690,"$0,00",JUBILACIÓN
PERSONA 1690,"$0,00",DESAHUCIO
PERSONA 1694,"$0,00",JUBILACIÓN
PERSONA 1694,"$0,00",DESAHUCIO
PERSONA 1696,"$0,00",JUBILACIÓN
PERSONA 1696,"$0,00",DESAHUCIO
PERSONA 1699,"$0,00",JUBILACIÓN
PERSONA 1699,"$0,00",DESAHUCIO
PERSONA 1700,"$0,00",JUBILACIÓN
PERSONA 1700,"$0,00",DESAHUCIO
PERSONA 1704,"$0,00",JUBILACIÓN
PERSONA 1704,"$0,00",DESAHUCIO
PERSONA 1707,"$0,00",JUBILACIÓN
PERSONA 1707,"$0,00",DESAHUCIO
PERSONA 1709,"$0,00",JUBILACIÓN
PERSONA 1709,"$0,00",DESAHUCIO
PERSONA 1712,"$0,00",JUBILACIÓN
PERSONA 1712,"$0,00",DESAHUCIO
PERSONA 1713,"$0,00",JUBILACIÓN
PERSONA 1713,"$0,00",DESAHUCIO
PERSONA 1715,"$0,00",JUBILACIÓN
PERSONA 1715,"$0,00",DESAHUCIO
PERSONA 1719,"$0,00",JUBILACIÓN
PERSONA 1719,"$0,00",DESAHUCIO
PERSONA 1720,"$0,00",JUBILACIÓN
PERSONA 1720,"$0,00",DESAHUCIO
PERSONA 1721,"$0,00",JUBILACIÓN
PERSONA 1721,"$0,00",DESAHUCIO
PERSONA 1723,"$0,00",JUBILACIÓN
PERSONA 1723,"$0,00",DESAHUCIO
PERSONA 1729,"$0,00",JUBILACIÓN
PERSONA 1729,"$0,00",DESAHUCIO
PERSONA 1732,"$0,00",JUBILACIÓN
PERSONA 1732,"$0,00",DESAHUCIO
PERSONA 1735,"$0,00",JUBILACIÓN
PERSONA 1735,"$0,00",DESAHUCIO
PERSONA 1737,"$0,00",JUBILACIÓN
PERSONA 1737,"$0,00",DESAHUCIO
PERSONA 1738,"$0,00",JUBILACIÓN
PERSONA 1738,"$0,00",DESAHUCIO
PERSONA 1742,"$0,00",JUBILACIÓN
PERSONA 1742,"$0,00",DESAHUCIO
PERSONA 1745,"$0,00",JUBILACIÓN
PERSONA 1745,"$0,00",DESAHUCIO
PERSONA 1747,"$0,00",JUBILACIÓN
PERSONA 1747,"$0,00",DESAHUCIO
PERSONA 1749,"$0,00",JUBILACIÓN
PERSONA 1749,"$0,00",DESAHUCIO
PERSONA 1751,"$0,00",JUBILACIÓN
PERSONA 1751,"$0,00",DESAHUCIO
PERSONA 1752,"$0,00",JUBILACIÓN
PERSONA 1752,"$0,00",DESAHUCIO
PERSONA 1753,"$0,00",JUBILACIÓN
PERSONA 1753,"$0,00",DESAHUCIO
PERSONA 1757,"$0,00",JUBILACIÓN
PERSONA 1757,"$0,00",DESAHUCIO
PERSONA 1762,"$0,00",JUBILACIÓN
PERSONA 1762,"$0,00",DESAHUCIO
PERSONA 1764,"$0,00",JUBILACIÓN
PERSONA 1764,"$0,00",DESAHUCIO
PERSONA 1769,"$0,00",JUBILACIÓN
PERSONA 1769,"$0,00",DESAHUCIO
PERSONA 1772,"$0,00",JUBILACIÓN
PERSONA 1772,"$0,00",DESAHUCIO
PERSONA 1775,"$0,00",JUBILACIÓN
PERSONA 1775,"$0,00",DESAHUCIO
PERSONA 1782,"$0,00",JUBILACIÓN
PERSONA 1782,"$0,00",DESAHUCIO
PERSONA 1783,"$0,00",JUBILACIÓN
PERSONA 1783,"$0,00",DESAHUCIO
PERSONA 1784,"$0,00",JUBILACIÓN
PERSONA 1784,"$0,00",DESAHUCIO
PERSONA 1785,"$0,00",JUBILACIÓN
PERSONA 1785,"$0,00",DESAHUCIO
PERSONA 1786,"$0,00",JUBILACIÓN
PERSONA 1786,"$0,00",DESAHUCIO
PERSONA 1788,"$0,00",JUBILACIÓN
PERSONA 1788,"$0,00",DESAHUCIO
PERSONA 1797,"$0,00",JUBILACIÓN
PERSONA 1797,"$0,00",DESAHUCIO
PERSONA 1798,"$0,00",JUBILACIÓN
PERSONA 1798,"$0,00",DESAHUCIO
PERSONA 1799,"$0,00",JUBILACIÓN
PERSONA 1799,"$0,00",DESAHUCIO
PERSONA 1802,"$0,00",JUBILACIÓN
PERSONA 1802,"$0,00",DESAHUCIO
PERSONA 1803,"$0,00",JUBILACIÓN
PERSONA 1803,"$0,00",DESAHUCIO
PERSONA 1804,"$0,00",JUBILACIÓN
PERSONA 1804,"$0,00",DESAHUCIO
PERSONA 1805,"$0,00",JUBILACIÓN
PERSONA 1805,"$0,00",DESAHUCIO
PERSONA 1807,"$0,00",JUBILACIÓN
PERSONA 1807,"$0,00",DESAHUCIO
PERSONA 1814,"$0,00",JUBILACIÓN
PERSONA 1814,"$0,00",DESAHUCIO
PERSONA 1826,"$0,00",JUBILACIÓN
PERSONA 1826,"$0,00",DESAHUCIO
PERSONA 1827,"$0,00",JUBILACIÓN
PERSONA 1827,"$0,00",DESAHUCIO
PERSONA 1828,"$0,00",JUBILACIÓN
PERSONA 1828,"$0,00",DESAHUCIO
PERSONA 1832,"$0,00",JUBILACIÓN
PERSONA 1832,"$0,00",DESAHUCIO
PERSONA 1833,"$0,00",JUBILACIÓN
PERSONA 1833,"$0,00",DESAHUCIO
PERSONA 1834,"$0,00",JUBILACIÓN
PERSONA 1834,"$0,00",DESAHUCIO
PERSONA 1837,"$0,00",JUBILACIÓN
PERSONA 1837,"$0,00",DESAHUCIO
PERSONA 1839,"$0,00",JUBILACIÓN
PERSONA 1839,"$0,00",DESAHUCIO
PERSONA 1840,"$0,00",JUBILACIÓN
PERSONA 1840,"$0,00",DESAHUCIO
PERSONA 1841,"$0,00",JUBILACIÓN
PERSONA 1841,"$0,00",DESAHUCIO
PERSONA 1849,"$0,00",JUBILACIÓN
PERSONA 1849,"$0,00",DESAHUCIO
PERSONA 1854,"$0,00",JUBILACIÓN
PERSONA 1854,"$0,00",DESAHUCIO
PERSONA 1855,"$0,00",JUBILACIÓN
PERSONA 1855,"$0,00",DESAHUCIO
PERSONA 1856,"$0,00",JUBILACIÓN
PERSONA 1856,"$0,00",DESAHUCIO
PERSONA 1859,"$0,00",JUBILACIÓN
PERSONA 1859,"$0,00",DESAHUCIO
PERSONA 1862,"$0,00",JUBILACIÓN
PERSONA 1862,"$0,00",DESAHUCIO
PERSONA 1864,"$0,00",JUBILACIÓN
PERSONA 1864,"$0,00",DESAHUCIO
PERSONA 1865,"$0,00",JUBILACIÓN
PERSONA 1865,"$0,00",DESAHUCIO
PERSONA 1866,"$0,00",JUBILACIÓN
PERSONA 1866,"$0,00",DESAHUCIO
PERSONA 1867,"$0,00",JUBILACIÓN
PERSONA 1867,"$0,00",DESAHUCIO
PERSONA 1868,"$0,00",JUBILACIÓN
PERSONA 1868,"$0,00",DESAHUCIO
PERSONA 1869,"$0,00",JUBILACIÓN
PERSONA 1869,"$0,00",DESAHUCIO
PERSONA 1871,"$0,00",JUBILACIÓN
PERSONA 1871,"$0,00",DESAHUCIO
PERSONA 1873,"$0,00",JUBILACIÓN
PERSONA 1873,"$0,00",DESAHUCIO
PERSONA 1875,"$0,00",JUBILACIÓN
PERSONA 1875,"$0,00",DESAHUCIO
PERSONA 1876,"$0,00",JUBILACIÓN
PERSONA 1876,"$0,00",DESAHUCIO
PERSONA 1877,"$0,00",JUBILACIÓN
PERSONA 1877,"$0,00",DESAHUCIO
PERSONA 1879,"$0,00",JUBILACIÓN
PERSONA 1879,"$0,00",DESAHUCIO
PERSONA 1881,"$0,00",JUBILACIÓN
PERSONA 1881,"$0,00",DESAHUCIO
PERSONA 1884,"$0,00",JUBILACIÓN
PERSONA 1884,"$0,00",DESAHUCIO
PERSONA 1887,"$0,00",JUBILACIÓN
PERSONA 1887,"$0,00",DESAHUCIO
PERSONA 1892,"$0,00",JUBILACIÓN
PERSONA 1892,"$0,00",DESAHUCIO
PERSONA 1897,"$0,00",JUBILACIÓN
PERSONA 1897,"$0,00",DESAHUCIO
PERSONA 1900,"$0,00",JUBILACIÓN
PERSONA 1900,"$0,00",DESAHUCIO
PERSONA 1901,"$0,00",JUBILACIÓN
PERSONA 1901,"$0,00",DESAHUCIO
PERSONA 1902,"$0,00",JUBILACIÓN
PERSONA 1902,"$0,00",DESAHUCIO
PERSONA 1907,"$0,00",JUBILACIÓN
PERSONA 1907,"$0,00",DESAHUCIO
PERSONA 1909,"$0,00",JUBILACIÓN
PERSONA 1909,"$0,00",DESAHUCIO
PERSONA 1913,"$0,00",JUBILACIÓN
PERSONA 1913,"$0,00",DESAHUCIO
PERSONA 1921,"$0,00",JUBILACIÓN
PERSONA 1921,"$0,00",DESAHUCIO
PERSONA 1922,"$0,00",JUBILACIÓN
PERSONA 1922,"$0,00",DESAHUCIO
PERSONA 1923,"$0,00",JUBILACIÓN
PERSONA 1923,"$0,00",DESAHUCIO
PERSONA 1930,"$0,00",JUBILACIÓN
PERSONA 1930,"$0,00",DESAHUCIO
PERSONA 1931,"$0,00",JUBILACIÓN
PERSONA 1931,"$0,00",DESAHUCIO
PERSONA 1932,"$0,00",JUBILACIÓN
PERSONA 1932,"$0,00",DESAHUCIO
PERSONA 1933,"$0,00",JUBILACIÓN
PERSONA 1933,"$0,00",DESAHUCIO
PERSONA 1936,"$0,00",JUBILACIÓN
PERSONA 1936,"$0,00",DESAHUCIO
PERSONA 1947,"$0,00",JUBILACIÓN
PERSONA 1947,"$0,00",DESAHUCIO
PERSONA 1950,"$0,00",JUBILACIÓN
PERSONA 1950,"$0,00",DESAHUCIO
PERSONA 1951,"$0,00",JUBILACIÓN
PERSONA 1951,"$0,00",DESAHUCIO
PERSONA 1956,"$0,00",JUBILACIÓN
PERSONA 1956,"$0,00",DESAHUCIO
PERSONA 1958,"$0,00",JUBILACIÓN
PERSONA 1958,"$0,00",DESAHUCIO
